ticker,name,as_of,fiscal_year,sector,roe,roe_3y_avg,opm,debt_ratio,is_financial,is_holding,per,pbr,ev_ebitda,fcf_yield,sector_per_median,sector_pbr_median,net_income_y1,net_income_y2,audit_opinion,verified,source,is_etf,is_spac,is_managed,is_halted,close,market_cap,volume,trading_value,avg_trading_value_20d,high_52w,low_52w,return_6m,volatility_1y,beta_kospi200,dividend_yield,payout_ratio,buyback_3y,verified_sh,source_sh,is_held,sector_group,sector_source,governance_red,gate_pass,gate_fail_reason
005830,DB손해보험,2026-07-17,2025,insurance,12.5,11.8,9.6,0.0,True,False,8.2,0.92,,,10.5,1.05,5200000000000.0,4800000000000.0,unqualified,True,manual,False,False,False,False,163000.0,10676556887000.0,219854,35836202000.0,35414514670.1,205500.0,119300.0,0.3188,43.47,,3.2,35.0,True,True,manual,True,,,False,True,
021240,코웨이,2026-07-17,2025,consumer,18.2,17.5,14.1,45.3,False,False,12.4,1.8,8.2,4.1,18.0,2.2,850000000000.0,780000000000.0,unqualified,True,manual,False,False,False,False,96700.0,6843210094200.0,301055,29112018500.0,20974006413.1,113200.0,70900.0,0.2148,39.32,,2.1,28.0,False,True,manual,True,,,False,True,
005440,현대지에프홀딩스,2026-07-17,2025,holding,8.5,8.0,6.2,35.0,False,True,9.8,0.55,6.5,3.2,12.0,0.75,120000000000.0,95000000000.0,unqualified,True,manual,False,False,False,False,13950.0,2174864998950.0,100448,1401249600.0,4473027209.0,18750.0,7290.0,0.7591,60.04,,2.8,30.0,True,True,manual,True,,,False,True,
192400,쿠쿠홀딩스,2026-07-17,2025,holding,9.2,8.8,7.5,28.0,False,True,11.0,0.62,7.0,2.8,12.0,0.75,95000000000.0,88000000000.0,unqualified,True,manual,False,False,False,False,25550.0,908613826750.0,14819,378625450.0,415007300.0,34750.0,23600.0,-0.0776,30.69,,2.5,25.0,False,True,manual,True,,,False,False,low_liquidity
006040,동원산업,2026-07-17,2025,consumer,11.0,10.5,8.2,55.0,False,False,9.5,0.85,5.5,5.0,18.0,2.2,180000000000.0,165000000000.0,unqualified,True,manual,False,False,False,False,33350.0,1472096313650.0,31840,1061864000.0,2220536178.75,50500.0,30050.0,-0.1776,40.11,,3.5,40.0,True,True,manual,True,,,False,True,
036530,SNT홀딩스,2026-07-17,2025,holding,7.8,7.2,5.8,40.0,False,True,8.5,0.48,5.8,4.5,12.0,0.75,65000000000.0,60000000000.0,unqualified,True,manual,False,False,False,False,52000.0,847802072000.0,22703,1180556000.0,746850158.75,88200.0,46450.0,-0.0226,50.24,,3.8,45.0,True,True,manual,True,,,False,False,low_liquidity
002380,KCC,2026-07-17,2025,materials,6.5,5.8,4.2,85.0,False,False,14.0,0.72,9.5,2.0,15.0,1.1,350000000000.0,280000000000.0,unqualified,True,manual,False,False,False,False,420000.0,3609016320000.0,17251,7245420000.0,17705561412.5,680000.0,317000.0,0.05,61.99,,2.0,22.0,False,True,manual,True,,,False,True,
271560,오리온,2026-07-17,2025,consumer,15.0,14.2,12.5,38.0,False,False,13.5,1.6,7.8,3.5,18.0,2.2,420000000000.0,400000000000.0,unqualified,True,manual,False,False,False,False,128400.0,5075496379200.0,102380,13145592000.0,16248875150.0,146000.0,99300.0,0.2454,31.23,,2.4,32.0,True,True,manual,True,,,False,True,
030190,NICE평가정보,2026-07-17,2025,data_service,16.5,15.8,18.0,25.0,False,False,15.0,2.1,10.0,2.2,20.0,2.5,85000000000.0,78000000000.0,unqualified,True,manual,False,False,False,False,13940.0,821226686380.0,63392,883684480.0,1214415333.25,18200.0,13060.0,-0.1526,37.51,,1.8,20.0,False,True,manual,True,,,False,True,
453340,현대그린푸드,2026-07-17,2025,consumer,8.0,7.5,5.5,62.0,False,False,11.5,0.95,6.0,3.8,18.0,2.2,45000000000.0,42000000000.0,unqualified,True,manual,False,False,False,False,18430.0,598451348410.0,27538,507525340.0,949066191.5,19300.0,14830.0,0.2205,28.96,,2.2,28.0,False,True,manual,True,,,False,False,low_liquidity
000660,SK하이닉스,2026-07-17,2025,semiconductor,22.0,18.0,28.0,48.0,False,False,14.5,2.4,6.8,3.0,18.0,2.0,18000000000000.0,12000000000000.0,unqualified,True,manual,False,False,False,False,1842000.0,1312797756330000.0,5524726,10176545292000.0,15625766685941.5,2919000.0,245000.0,1.4758,79.92,,1.2,15.0,True,True,manual,False,,,False,True,
005930,삼성전자,2026-07-17,2026,반도체/IT하드웨어,10.0,10.0,,80.0,False,False,46.93,4.84,,,,,,,unqualified,stub,liquid_stub,False,False,False,False,255000.0,1490801045040000.0,26605948,6784516740000.0,10184981315892.5,362500.0,60400.0,0.8345,64.24,,,,,,,False,semiconductor,manual,False,True,
402340,SK스퀘어,2026-07-17,2026,기타금융,10.0,10.0,,80.0,False,False,27.46,8.74,,,,,,,unqualified,stub,liquid_stub,False,False,False,False,1212000.0,159933563832000.0,755798,916027176000.0,2165714299491.85,1970000.0,135200.0,1.8153,87.0,,,,,,,False,financial,krx_official,False,True,
005935,삼성전자우,2026-07-17,2026,전기·전자,10.0,10.0,,80.0,False,False,,,,,,,,,unqualified,stub,liquid_stub,False,False,False,False,172000.0,138007846916000.0,4446893,764865596000.0,944115900529.35,235000.0,50500.0,0.6699,60.92,,,,,,,False,electronics,krx_official,False,True,
009150,삼성전기,2026-07-17,2026,전기·전자,10.0,10.0,,80.0,False,False,212.95,15.76,,,,,,,unqualified,stub,liquid_stub,False,False,False,False,1277000.0,95383849792000.0,610491,779597007000.0,1976464201787.55,2270000.0,134500.0,3.8008,80.18,,,,,,,False,electronics,krx_official,False,True,
005380,현대차,2026-07-17,2026,운송장비·부품,10.0,10.0,,80.0,False,False,14.16,1.16,,,,,,,unqualified,stub,liquid_stub,False,False,False,False,425000.0,87022050550000.0,714483,303655275000.0,541239890527.45,750000.0,206500.0,0.1612,64.34,,,,,,,False,auto,krx_official,False,True,
032830,삼성생명,2026-07-17,2026,보험,10.0,10.0,,80.0,False,False,33.14,1.22,,,,,,,unqualified,stub,liquid_stub,False,False,False,False,331000.0,66200000000000.0,361459,119642929000.0,209476728282.65,497000.0,119700.0,1.0752,60.04,,,,,,,False,insurance,krx_official,False,True,
373220,LG에너지솔루션,2026-07-17,2026,전기·전자,10.0,10.0,,80.0,False,False,,4.19,,,,,,,unqualified,stub,liquid_stub,False,False,False,False,334000.0,78156000000000.0,314975,105201650000.0,159578402812.5,514000.0,305000.0,-0.0799,60.47,,,,,,,False,electronics,krx_official,False,True,
028260,삼성물산,2026-07-17,2026,유통,10.0,10.0,,80.0,False,False,30.53,1.49,,,,,,,unqualified,stub,liquid_stub,False,False,False,False,346000.0,56109983026000.0,652157,225646322000.0,352302459594.8,535000.0,159000.0,0.2886,67.45,,,,,,,False,distribution,krx_official,False,True,
329180,HD현대중공업,2026-07-17,2026,운송장비·부품,10.0,10.0,,80.0,False,False,37.45,6.6,,,,,,,unqualified,stub,liquid_stub,False,False,False,False,484000.0,50801232900000.0,278722,134901448000.0,186968226588.9,745000.0,377500.0,-0.2053,57.45,,,,,,,False,auto,krx_official,False,True,
034020,두산에너빌리티,2026-07-17,2026,기계·장비,10.0,10.0,,80.0,False,False,675.76,7.34,,,,,,,unqualified,stub,liquid_stub,False,False,False,False,69700.0,44647111876200.0,2541779,177161996300.0,263010540410.0,136400.0,57400.0,-0.1722,66.63,,,,,,,False,industrials,krx_official,False,True,
207940,삼성바이오로직스,2026-07-17,2026,제약,10.0,10.0,,80.0,False,False,47.81,7.9,,,,,,,unqualified,stub,liquid_stub,False,False,False,False,1396000.0,64622167596000.0,29974,41843704000.0,80646373771.05,1965000.0,1243000.0,-0.2567,37.5,,,,,,,False,healthcare,krx_official,False,True,
034730,SK,2026-07-17,2026,기타금융,10.0,10.0,,80.0,False,False,24.31,1.54,,,,,,,unqualified,stub,liquid_stub,False,False,False,False,580000.0,42051567740000.0,171338,99376040000.0,273616836183.75,858000.0,178900.0,1.0423,66.59,,,,,,,False,financial,krx_official,False,True,
105560,KB금융,2026-07-17,2026,은행/금융지주,10.0,10.0,,80.0,False,False,9.97,0.93,,,,,,,unqualified,stub,liquid_stub,False,False,False,False,181100.0,64233948627400.0,1299467,235333473700.0,283399948598.55,186200.0,106000.0,0.4305,40.53,,,,,,,False,financial,manual,False,True,
012450,한화에어로스페이스,2026-07-17,2026,운송장비·부품,10.0,10.0,,80.0,False,False,37.61,5.7,,,,,,,unqualified,stub,liquid_stub,False,False,False,False,943000.0,48624287143000.0,142859,134716037000.0,244773100905.25,1537000.0,805000.0,-0.2232,60.14,,,,,,,False,auto,krx_official,False,True,
000270,기아,2026-07-17,2026,자동차,10.0,10.0,,80.0,False,False,7.09,0.87,,,,,,,unqualified,stub,liquid_stub,False,False,False,False,149700.0,58444825800600.0,967288,144803013600.0,168434452432.05,206000.0,97800.0,0.1239,52.7,,,,,,,False,auto,manual,False,True,
012330,현대모비스,2026-07-17,2026,운송장비·부품,10.0,10.0,,80.0,False,False,12.48,0.93,,,,,,,unqualified,stub,liquid_stub,False,False,False,False,482000.0,43733105006000.0,270493,130377626000.0,223587641537.5,768000.0,283500.0,0.2065,65.99,,,,,,,False,auto,krx_official,False,True,
055550,신한지주,2026-07-17,2026,은행/금융지주,10.0,10.0,,80.0,False,False,9.96,0.8,,,,,,,unqualified,stub,liquid_stub,False,False,False,False,107900.0,51215205551900.0,1463864,157950925600.0,154792493775.0,109200.0,64000.0,0.3869,37.99,,,,,,,False,financial,manual,False,True,
006400,삼성SDI,2026-07-17,2026,전기·전자,10.0,10.0,,80.0,False,False,,1.72,,,,,,,unqualified,stub,liquid_stub,False,False,False,False,434500.0,35014412785000.0,484964,210716858000.0,271977326350.0,712000.0,170100.0,0.6243,68.92,,,,,,,False,electronics,krx_official,False,True,
010120,LS ELECTRIC,2026-07-17,2026,전기·전자,10.0,10.0,,80.0,False,False,120.53,16.7,,,,,,,unqualified,stub,liquid_stub,False,False,False,False,190000.0,28500000000000.0,664593,126272670000.0,259044899805.0,318500.0,51900.0,0.9958,78.65,,,,,,,False,electronics,krx_official,False,True,
267260,HD현대일렉트릭,2026-07-17,2026,전기·전자,10.0,10.0,,80.0,False,False,46.62,16.84,,,,,,,unqualified,stub,liquid_stub,False,False,False,False,797000.0,28729566595000.0,155320,123790040000.0,168244527776.5,1420000.0,437000.0,-0.0601,62.11,,,,,,,False,electronics,krx_official,False,True,
068270,셀트리온,2026-07-17,2026,제약,10.0,10.0,,80.0,False,False,36.08,2.14,,,,,,,unqualified,stub,liquid_stub,False,False,False,False,175800.0,40882941514800.0,498638,87660560400.0,113394551735.0,236861.0,159400.0,-0.1501,40.95,,,,,,,False,healthcare,krx_official,False,True,
298040,효성중공업,2026-07-17,2026,전기·전자,10.0,10.0,,80.0,False,False,64.77,14.32,,,,,,,unqualified,stub,liquid_stub,False,False,False,False,2789000.0,26006164372000.0,52017,145075413000.0,191929172426.5,4601000.0,903000.0,0.4796,68.85,,,,,,,False,electronics,krx_official,False,True,
066570,LG전자,2026-07-17,2026,전기·전자,10.0,10.0,,80.0,False,False,37.9,1.52,,,,,,,unqualified,stub,liquid_stub,False,False,False,False,179000.0,29156350202000.0,1389002,248631358000.0,372534867622.5,392500.0,72200.0,1.009,84.71,,,,,,,False,electronics,krx_official,False,True,
042660,한화오션,2026-07-17,2026,운송장비·부품,10.0,10.0,,80.0,False,False,26.08,5.19,,,,,,,unqualified,stub,liquid_stub,False,False,False,False,86700.0,26566041259800.0,2769110,240081837000.0,237213607337.5,149900.0,73900.0,-0.3549,70.54,,,,,,,False,auto,krx_official,False,True,
086790,하나금융지주,2026-07-17,2026,은행/금융지주,10.0,10.0,,80.0,False,False,8.28,0.7,,,,,,,unqualified,stub,liquid_stub,False,False,False,False,136800.0,37533507926400.0,1109404,151766467200.0,117935290570.3,136800.0,81200.0,0.4726,40.35,,,,,,,False,financial,manual,False,True,
035420,NAVER,2026-07-17,2026,IT 서비스,10.0,10.0,,80.0,False,False,15.57,1.1,,,,,,,unqualified,stub,liquid_stub,False,False,False,False,190000.0,29819405980000.0,737459,140117210000.0,218185411317.5,287000.0,183200.0,-0.252,51.98,,,,,,,False,it_services,krx_official,False,True,
000810,삼성화재,2026-07-17,2026,보험,10.0,10.0,,80.0,False,False,13.61,1.29,,,,,,,unqualified,stub,liquid_stub,False,False,False,False,701000.0,31297878573000.0,145348,101888948000.0,91689646706.6,730000.0,417500.0,0.4915,58.87,,,,,,,False,insurance,krx_official,False,True,
009540,HD한국조선해양,2026-07-17,2026,기타금융,10.0,10.0,,80.0,False,False,11.89,1.94,,,,,,,unqualified,stub,liquid_stub,False,False,False,False,354000.0,25053683064000.0,250109,88538586000.0,83228563324.9,479500.0,315000.0,-0.2081,52.18,,,,,,,False,financial,krx_official,False,True,
000150,두산,2026-07-17,2026,전기·전자,10.0,10.0,,80.0,False,False,361.94,17.52,,,,,,,unqualified,stub,liquid_stub,False,False,False,False,1202000.0,19464989670000.0,43531,52324262000.0,129109159100.0,2203000.0,508000.0,0.6091,82.82,,,,,,,False,electronics,krx_official,False,True,
042700,한미반도체,2026-07-17,2026,기계·장비,10.0,10.0,,80.0,False,False,114.36,35.45,,,,,,,unqualified,stub,liquid_stub,False,False,False,False,242500.0,23113208500000.0,1466330,355585025000.0,305072534592.5,409500.0,81500.0,0.3755,96.52,,,,,,,False,industrials,krx_official,False,True,
005490,POSCO홀딩스,2026-07-17,2026,금속,10.0,10.0,,80.0,False,False,37.02,0.44,,,,,,,unqualified,stub,liquid_stub,False,False,False,False,311500.0,24683735660500.0,287682,89612943000.0,119096995225.0,535000.0,263000.0,0.0247,49.77,,,,,,,False,materials_metal,krx_official,False,True,
006800,미래에셋증권,2026-07-17,2026,증권,10.0,10.0,,80.0,False,False,15.8,1.85,,,,,,,unqualified,stub,liquid_stub,False,False,False,False,40050.0,22410653544000.0,1385242,55478942100.0,118276637013.75,83800.0,17713.0,0.4843,81.98,,,,,,,False,financial_brokerage,krx_official,False,True,
011070,LG이노텍,2026-07-17,2026,전기·전자,10.0,10.0,,80.0,False,False,68.72,4.07,,,,,,,unqualified,stub,liquid_stub,False,False,False,False,668000.0,15809627476000.0,186849,124815132000.0,310266579800.0,1530000.0,148000.0,1.5545,81.0,,,,,,,False,electronics,krx_official,False,True,
015760,한국전력,2026-07-17,2026,전력/유틸리티,10.0,10.0,,80.0,False,False,2.72,0.48,,,,,,,unqualified,stub,liquid_stub,False,False,False,False,34050.0,21858876821850.0,1847121,62894470050.0,76577494595.0,67900.0,33900.0,-0.3107,54.81,,,,,,,False,utilities,manual,False,True,
010130,고려아연,2026-07-17,2026,금속,10.0,10.0,,80.0,False,False,25.47,2.02,,,,,,,unqualified,stub,liquid_stub,False,False,False,False,1029000.0,21478285101000.0,12960,13335840000.0,21669407000.0,2115000.0,759000.0,-0.0989,74.49,,,,,,,False,materials_metal,krx_official,False,True,
010140,삼성중공업,2026-07-17,2026,운송장비·부품,10.0,10.0,,80.0,False,False,38.03,5.0,,,,,,,unqualified,stub,liquid_stub,False,False,False,False,22300.0,19624000000000.0,3737922,83355660600.0,103350857320.0,34400.0,16210.0,-0.2216,56.78,,,,,,,False,auto,krx_official,False,True,
316140,우리금융지주,2026-07-17,2026,기타금융,10.0,10.0,,80.0,False,False,7.27,0.6,,,,,,,unqualified,stub,liquid_stub,False,False,False,False,31500.0,22934824983000.0,1990997,62716405500.0,68919432548.75,40800.0,23450.0,0.1538,36.46,,,,,,,False,financial,krx_official,False,True,
051910,LG화학,2026-07-17,2026,화학,10.0,10.0,,80.0,False,False,,0.69,,,,,,,unqualified,stub,liquid_stub,False,False,False,False,260500.0,18389305351500.0,180510,47022855000.0,71403888725.0,429500.0,251500.0,-0.1664,61.32,,,,,,,False,materials,krx_official,False,True,
064350,현대로템,2026-07-17,2026,운송장비·부품,10.0,10.0,,80.0,False,False,27.44,6.86,,,,,,,unqualified,stub,liquid_stub,False,False,False,False,159000.0,17353624587000.0,534692,85016028000.0,103001875143.85,269000.0,159000.0,-0.274,65.5,,,,,,,False,auto,krx_official,False,True,
017670,SK텔레콤,2026-07-17,2026,통신,10.0,10.0,,80.0,False,False,49.26,1.49,,,,,,,unqualified,stub,liquid_stub,False,False,False,False,89700.0,19266667754100.0,1366866,122607880200.0,90617144732.5,125200.0,52100.0,0.6925,45.73,,,,,,,False,telecom,krx_official,False,True,
196170,알테오젠,2026-07-17,2026,일반서비스,10.0,10.0,,80.0,False,False,125.52,40.33,,,,,,,unqualified,stub,liquid_stub,False,False,False,False,276500.0,14816623839500.0,312416,86383024000.0,180311943587.5,559000.0,276500.0,-0.4589,67.21,,,,,,,False,services,krx_official,False,True,
079550,LIG디펜스앤에어로스페이스,2026-07-17,2026,금속,10.0,10.0,,80.0,False,False,69.72,12.36,,,,,,,unqualified,stub,liquid_stub,False,False,False,False,749000.0,16478000000000.0,130322,97611178000.0,123860962700.0,1020000.0,364500.0,0.3819,85.43,,,,,,,False,materials_metal,krx_official,False,True,
138040,메리츠금융지주,2026-07-17,2026,기타금융,10.0,10.0,,80.0,False,False,8.11,1.71,,,,,,,unqualified,stub,liquid_stub,False,False,False,False,118300.0,19797182395900.0,253679,30010225700.0,34545694765.0,146200.0,100600.0,0.1655,37.15,,,,,,,False,financial,krx_official,False,True,
033780,KT&G,2026-07-17,2026,음식료·담배,10.0,10.0,,80.0,False,False,16.89,1.93,,,,,,,unqualified,stub,liquid_stub,False,False,False,False,179900.0,18675501034400.0,272181,48965361900.0,48782438310.05,189000.0,129100.0,0.2651,31.61,,,,,,,False,consumer_staples,krx_official,False,True,
011200,HMM,2026-07-17,2026,운송·창고,10.0,10.0,,80.0,False,False,9.53,0.66,,,,,,,unqualified,stub,liquid_stub,False,False,False,False,20050.0,18911921298500.0,1405959,28189477950.0,26537005664.5,25950.0,18310.0,0.0025,39.48,,,,,,,False,transport,krx_official,False,True,
267250,HD현대,2026-07-17,2026,기타금융,10.0,10.0,,80.0,False,False,15.49,1.47,,,,,,,unqualified,stub,liquid_stub,False,False,False,False,204500.0,16154085882500.0,119194,24375173000.0,38560175540.0,310500.0,123200.0,-0.0024,57.33,,,,,,,False,financial,krx_official,False,True,
096770,SK이노베이션,2026-07-17,2026,화학,10.0,10.0,,80.0,False,False,,0.73,,,,,,,unqualified,stub,liquid_stub,False,False,False,False,121400.0,20523008463200.0,1851929,224824180600.0,64215196320.0,149800.0,89500.0,0.2177,56.02,,,,,,,False,materials,krx_official,False,True,
024110,기업은행,2026-07-17,2026,은행,10.0,10.0,,80.0,False,False,6.36,0.44,,,,,,,unqualified,stub,liquid_stub,False,False,False,False,21600.0,17224398770400.0,1222545,26406972000.0,25470776782.5,28550.0,18650.0,0.0588,31.1,,,,,,,False,financial_bank,krx_official,False,True,
003670,포스코퓨처엠,2026-07-17,2026,전기·전자,10.0,10.0,,80.0,False,False,3390.2,3.78,,,,,,,unqualified,stub,liquid_stub,False,False,False,False,147600.0,13128462072000.0,304206,44900805600.0,55372795810.0,296000.0,123200.0,-0.1609,70.09,,,,,,,False,electronics,krx_official,False,True,
272210,한화시스템,2026-07-17,2026,전기·전자,10.0,10.0,,80.0,False,False,63.49,3.16,,,,,,,unqualified,stub,liquid_stub,False,False,False,False,65500.0,12374219979500.0,451856,29596568000.0,55454021965.0,162700.0,45350.0,-0.1482,89.5,,,,,,,False,electronics,krx_official,False,True,
003550,LG,2026-07-17,2026,기타금융,10.0,10.0,,80.0,False,False,20.63,0.53,,,,,,,unqualified,stub,liquid_stub,False,False,False,False,98800.0,14937769995200.0,244041,24111250800.0,46172294205.0,165800.0,71300.0,0.2304,60.02,,,,,,,False,financial,krx_official,False,True,
307950,현대오토에버,2026-07-17,2026,IT 서비스,10.0,10.0,,80.0,False,False,82.66,8.17,,,,,,,unqualified,stub,liquid_stub,False,False,False,False,393000.0,10777624926000.0,75118,29521374000.0,51166265687.5,938000.0,148600.0,-0.1665,97.23,,,,,,,False,it_services,krx_official,False,True,
035720,카카오,2026-07-17,2026,IT 서비스,10.0,10.0,,80.0,False,False,30.64,1.34,,,,,,,unqualified,stub,liquid_stub,False,False,False,False,35900.0,15903020413000.0,2666493,95727098700.0,65295634945.0,67700.0,33150.0,-0.3832,48.3,,,,,,,False,it_services,krx_official,False,True,
247540,에코프로비엠,2026-07-17,2026,전기·전자,10.0,10.0,,80.0,False,False,374.44,8.54,,,,,,,unqualified,stub,liquid_stub,False,False,False,False,112400.0,10996140781600.0,290976,32705702400.0,88944165690.0,246000.0,100300.0,-0.2079,75.8,,,,,,,False,electronics,krx_official,False,True,
018260,삼성에스디에스,2026-07-17,2026,IT 서비스,10.0,10.0,,80.0,False,False,19.51,1.49,,,,,,,unqualified,stub,liquid_stub,False,False,False,False,199300.0,15421395540000.0,235615,46958069500.0,75597736575.0,362000.0,145900.0,0.154,68.72,,,,,,,False,it_services,krx_official,False,True,
086520,에코프로,2026-07-17,2026,금융,10.0,10.0,,80.0,False,False,,7.07,,,,,,,unqualified,stub,liquid_stub,False,False,False,False,80000.0,10862092160000.0,772824,61825920000.0,135606221197.5,185000.0,44800.0,-0.0909,91.24,,,,,,,False,other,krx_official,False,True,
086280,현대글로비스,2026-07-17,2026,운송·창고,10.0,10.0,,80.0,False,False,8.08,1.35,,,,,,,unqualified,stub,liquid_stub,False,False,False,False,188600.0,14145000000000.0,144018,27161794800.0,47250009035.0,290500.0,135200.0,-0.1673,56.5,,,,,,,False,transport,krx_official,False,True,
047810,한국항공우주,2026-07-17,2026,운송장비·부품,10.0,10.0,,80.0,False,False,73.62,7.48,,,,,,,unqualified,stub,liquid_stub,False,False,False,False,149200.0,14543285964400.0,335809,50102702800.0,67563832402.5,202000.0,85400.0,-0.004,60.54,,,,,,,False,auto,krx_official,False,True,
278470,에이피알,2026-07-17,2026,화학,10.0,10.0,,80.0,False,False,45.78,29.85,,,,,,,unqualified,stub,liquid_stub,False,False,False,False,393000.0,14713194915000.0,184615,72553695000.0,107168033565.0,459000.0,149500.0,0.7199,62.61,,,,,,,False,materials,krx_official,False,True,
000720,현대건설,2026-07-17,2026,건설,10.0,10.0,,80.0,False,False,34.68,1.57,,,,,,,unqualified,stub,liquid_stub,False,False,False,False,99000.0,11024220735000.0,380664,37685736000.0,76458664152.5,188700.0,54400.0,0.3061,79.22,,,,,,,False,construction,krx_official,False,True,
030200,KT,2026-07-17,2026,통신/인프라,10.0,10.0,,80.0,False,False,7.36,0.72,,,,,,,unqualified,stub,liquid_stub,False,False,False,False,52400.0,13205936294000.0,230794,12093605600.0,20744752408.3,68900.0,48250.0,0.0077,32.26,,,,,,,False,defensive_telecom,manual,False,True,
071050,한국금융지주,2026-07-17,2026,증권/금융지주,10.0,10.0,,80.0,False,False,6.01,1.01,,,,,,,unqualified,stub,liquid_stub,False,False,False,False,229000.0,12761252168000.0,171302,39228158000.0,61407889405.0,292500.0,125300.0,0.3431,64.89,,,,,,,False,financial,manual,False,True,
006260,LS,2026-07-17,2026,기타금융,10.0,10.0,,80.0,False,False,36.5,2.0,,,,,,,unqualified,stub,liquid_stub,False,False,False,False,288000.0,8985600000000.0,149766,43132608000.0,67217169175.0,553000.0,150800.0,0.4187,70.15,,,,,,,False,financial,krx_official,False,True,
010950,S-Oil,2026-07-17,2026,화학,10.0,10.0,,80.0,False,False,66.82,1.33,,,,,,,unqualified,stub,liquid_stub,False,False,False,False,144900.0,16313246560800.0,513882,74461501800.0,57409346130.0,144900.0,57800.0,0.725,60.27,,,,,,,False,materials,krx_official,False,True,
005940,NH투자증권,2026-07-17,2026,증권/금융지주,10.0,10.0,,80.0,False,False,9.98,1.14,,,,,,,unqualified,stub,liquid_stub,False,False,False,False,31000.0,11445389255000.0,437936,13576016000.0,24566531298.75,39200.0,18660.0,0.4868,56.89,,,,,,,False,financial,manual,False,True,
259960,크래프톤,2026-07-17,2026,IT 서비스,10.0,10.0,,80.0,False,False,13.46,1.4,,,,,,,unqualified,stub,liquid_stub,False,False,False,False,240500.0,11096148836500.0,90822,21842691000.0,29306525905.0,363500.0,204000.0,0.0457,42.25,,,,,,,False,it_services,krx_official,False,True,
016360,삼성증권,2026-07-17,2026,증권/금융지주,10.0,10.0,,80.0,False,False,9.58,1.2,,,,,,,unqualified,stub,liquid_stub,False,False,False,False,107700.0,9617610000000.0,295251,31798532700.0,59247443245.0,149500.0,66900.0,0.4005,61.06,,,,,,,False,financial,manual,False,True,
277810,레인보우로보틱스,2026-07-17,2026,기계·장비,10.0,10.0,,80.0,False,False,6890.41,72.91,,,,,,,unqualified,stub,liquid_stub,False,False,False,False,397000.0,7701743626000.0,47182,18731254000.0,42997691987.5,880000.0,253500.0,-0.1079,83.58,,,,,,,False,industrials,krx_official,False,True,
0126Z0,삼성에피스홀딩스,2026-07-17,2026,금융업,10.0,10.0,,80.0,False,False,,1.64,,,,,,,unqualified,stub,liquid_stub,False,False,False,False,396000.0,9853687404000.0,32924,13037904000.0,26940526962.5,743000.0,335500.0,-0.4244,85.86,,,,,,,False,holding_company,name_infer,False,True,
323410,카카오뱅크,2026-07-17,2026,은행,10.0,10.0,,80.0,False,False,20.09,1.43,,,,,,,unqualified,stub,liquid_stub,False,False,False,False,23000.0,10973770051000.0,807081,18562863000.0,22502478739.0,32000.0,19750.0,0.0648,41.0,,,,,,,False,financial_bank,krx_official,False,True,
003490,대한항공,2026-07-17,2026,항공/운송,10.0,10.0,,80.0,False,False,12.14,0.87,,,,,,,unqualified,stub,liquid_stub,False,False,False,False,26500.0,9757847516500.0,2445402,64803153000.0,92263694096.25,30000.0,21000.0,0.1991,44.5,,,,,,,False,industrial_transport,manual,False,True,
443060,HD현대마린솔루션,2026-07-17,2026,일반서비스,10.0,10.0,,80.0,False,False,34.01,11.12,,,,,,,unqualified,stub,liquid_stub,False,False,False,False,201000.0,9011525460000.0,113085,22730085000.0,35127829092.3,280500.0,159100.0,0.0458,59.09,,,,,,,False,services,krx_official,False,True,
039490,키움증권,2026-07-17,2026,증권/금융지주,10.0,10.0,,80.0,False,False,7.24,1.27,,,,,,,unqualified,stub,liquid_stub,False,False,False,False,322000.0,8445517752000.0,61839,19912158000.0,39812362737.5,495500.0,195800.0,0.0222,68.84,,,,,,,False,financial,manual,False,True,
028050,삼성E&A,2026-07-17,2026,일반서비스,10.0,10.0,,80.0,False,False,14.24,1.85,,,,,,,unqualified,stub,liquid_stub,False,False,False,False,40850.0,8006600000000.0,909762,37163777700.0,106889075382.5,64400.0,23250.0,0.6606,62.58,,,,,,,False,services,krx_official,False,True,
047050,포스코인터내셔널,2026-07-17,2026,유통,10.0,10.0,,80.0,False,False,13.96,1.28,,,,,,,unqualified,stub,liquid_stub,False,False,False,False,50900.0,8954469909200.0,477870,24323583000.0,25235073982.5,87300.0,45650.0,0.0452,54.3,,,,,,,False,distribution,krx_official,False,True,
352820,하이브,2026-07-17,2026,오락·문화,10.0,10.0,,80.0,False,False,,2.55,,,,,,,unqualified,stub,liquid_stub,False,False,False,False,208500.0,8986818916500.0,155840,32492640000.0,62867235259.25,404500.0,177800.0,-0.3701,49.05,,,,,,,False,media,krx_official,False,True,
007660,이수페타시스,2026-07-17,2026,전기·전자,10.0,10.0,,80.0,False,False,47.45,10.5,,,,,,,unqualified,stub,liquid_stub,False,False,False,False,92000.0,6753648148000.0,581306,53480152000.0,130178918380.0,161400.0,52100.0,-0.159,84.3,,,,,,,False,electronics,krx_official,False,True,
036930,주성엔지니어링,2026-07-17,2026,기계·장비,10.0,10.0,,80.0,False,False,235.85,14.25,,,,,,,unqualified,stub,liquid_stub,False,False,False,False,187900.0,8733802635900.0,1145182,215179697800.0,497305570247.5,250500.0,26300.0,4.6257,106.77,,,,,,,False,industrials,krx_official,False,True,
950160,코오롱티슈진,2026-07-17,2026,제약,10.0,10.0,,80.0,False,False,,,,,,,,,unqualified,stub,liquid_stub,False,False,False,False,62100.0,5276646936000.0,1575810,97857801000.0,38019503587.5,138800.0,36300.0,-0.1562,83.48,,,,,,,False,healthcare,krx_official,False,True,
047040,대우건설,2026-07-17,2026,건설,10.0,10.0,,80.0,False,False,,2.38,,,,,,,unqualified,stub,liquid_stub,False,False,False,False,15150.0,6225250715700.0,2794432,42335644800.0,115433432070.5,37150.0,3360.0,3.0186,97.25,,,,,,,False,construction,krx_official,False,True,
003230,삼양식품,2026-07-17,2026,음식료·담배,10.0,10.0,,80.0,False,False,20.55,6.43,,,,,,,unqualified,stub,liquid_stub,False,False,False,False,1069000.0,8052793035000.0,25263,27006147000.0,59826800350.0,1630000.0,1022000.0,-0.1136,49.74,,,,,,,False,consumer_staples,krx_official,False,True,
064400,LG씨엔에스,2026-07-17,2026,IT 서비스,10.0,10.0,,80.0,False,False,17.59,2.64,,,,,,,unqualified,stub,liquid_stub,False,False,False,False,65000.0,6297586620000.0,713626,46385690000.0,96644579940.0,143700.0,55400.0,0.0815,72.8,,,,,,,False,it_services,krx_official,False,True,
000880,한화,2026-07-17,2026,화학,10.0,10.0,,80.0,False,False,26.01,0.8,,,,,,,unqualified,stub,liquid_stub,False,False,False,False,93200.0,6571338050800.0,145461,13556965200.0,19577867080.0,150900.0,76600.0,0.0197,67.49,,,,,,,False,materials,krx_official,False,True,
240810,원익IPS,2026-07-17,2026,기계·장비,10.0,10.0,,80.0,False,False,86.91,7.53,,,,,,,unqualified,stub,liquid_stub,False,False,False,False,140700.0,6906104870700.0,1774585,249684109500.0,322061857690.0,183300.0,27100.0,0.876,107.51,,,,,,,False,industrials,krx_official,False,True,
005387,현대차2우B,2026-07-17,2026,운송장비·부품,10.0,10.0,,80.0,False,False,,,,,,,,,unqualified,stub,liquid_stub,False,False,False,False,198000.0,6922858140000.0,171384,33934032000.0,36165587489.8,323500.0,160100.0,-0.1646,51.65,,,,,,,False,auto,krx_official,False,True,
161390,한국타이어앤테크놀로지,2026-07-17,2026,타이어/화학,10.0,10.0,,80.0,False,False,6.9,0.62,,,,,,,unqualified,stub,liquid_stub,False,False,False,False,73600.0,9117205078400.0,410147,30186819200.0,27712017193.8,75900.0,38100.0,0.2668,50.67,,,,,,,False,materials,manual,False,True,
180640,한진칼,2026-07-17,2026,기타금융,10.0,10.0,,80.0,False,False,47.38,2.21,,,,,,,unqualified,stub,liquid_stub,False,False,False,False,113500.0,7577518666500.0,102983,11688570500.0,16293458482.5,173000.0,93900.0,-0.0173,68.24,,,,,,,False,financial,krx_official,False,True,
001440,대한전선,2026-07-17,2026,전기·전자,10.0,10.0,,80.0,False,False,76.6,4.03,,,,,,,unqualified,stub,liquid_stub,False,False,False,False,27700.0,5428994909200.0,1355021,37534081700.0,93376054381.25,72300.0,14840.0,0.0633,79.25,,,,,,,False,electronics,krx_official,False,True,
353200,대덕전자,2026-07-17,2026,전기·전자,10.0,10.0,,80.0,False,False,151.95,8.06,,,,,,,unqualified,stub,liquid_stub,False,False,False,False,138000.0,6819535650000.0,1323005,182574690000.0,154375217657.5,190900.0,17470.0,2.2857,89.58,,,,,,,False,electronics,krx_official,False,True,
000990,DB하이텍,2026-07-17,2026,전기·전자,10.0,10.0,,80.0,False,False,24.04,3.0,,,,,,,unqualified,stub,liquid_stub,False,False,False,False,109600.0,4768102844800.0,343123,37606280800.0,105817795037.5,220500.0,43000.0,0.5243,80.51,,,,,,,False,electronics,krx_official,False,True,
062040,산일전기,2026-07-17,2026,전기·전자,10.0,10.0,,80.0,False,False,45.3,11.52,,,,,,,unqualified,stub,liquid_stub,False,False,False,False,170000.0,5204694500000.0,197118,33510060000.0,68379660242.5,333500.0,86600.0,0.2574,80.94,,,,,,,False,electronics,krx_official,False,True,
058470,리노공업,2026-07-17,2026,전기·전자,10.0,10.0,,80.0,False,False,42.41,8.81,,,,,,,unqualified,stub,liquid_stub,False,False,False,False,72300.0,5510116755000.0,431494,31197016200.0,93997164122.5,127000.0,44400.0,0.1531,66.73,,,,,,,False,electronics,krx_official,False,True,
028300,HLB,2026-07-17,2026,제약,10.0,10.0,,80.0,False,False,,15.04,,,,,,,unqualified,stub,liquid_stub,False,False,False,False,35300.0,4701897271900.0,3528292,124548707600.0,45206763416.25,68200.0,25650.0,-0.3024,77.95,,,,,,,False,healthcare,krx_official,False,True,
004170,신세계,2026-07-17,2026,유통,10.0,10.0,,80.0,False,False,422.64,1.32,,,,,,,unqualified,stub,liquid_stub,False,False,False,False,589000.0,5563211609000.0,33462,19709118000.0,59869101383.55,776000.0,161200.0,1.261,60.62,,,,,,,False,distribution,krx_official,False,True,
326030,SK바이오팜,2026-07-17,2026,일반서비스,10.0,10.0,,80.0,False,False,24.11,7.92,,,,,,,unqualified,stub,liquid_stub,False,False,False,False,79400.0,6218072050000.0,108271,8596717400.0,15009770252.5,140700.0,74600.0,-0.3653,48.79,,,,,,,False,services,krx_official,False,True,
034220,LG디스플레이,2026-07-17,2026,전기·전자,10.0,10.0,,80.0,False,False,26.89,0.92,,,,,,,unqualified,stub,liquid_stub,False,False,False,False,10410.0,5205000000000.0,3502742,36463544220.0,55466616100.0,16690.0,9110.0,-0.1163,65.53,,,,,,,False,electronics,krx_official,False,True,
009830,한화솔루션,2026-07-17,2026,화학,10.0,10.0,,80.0,False,False,,0.68,,,,,,,unqualified,stub,liquid_stub,False,False,False,False,27600.0,4744233993600.0,3695935,102007806000.0,70283259807.5,55179.0,24618.0,0.1211,84.63,,,,,,,False,materials,krx_official,False,True,
032640,LG유플러스,2026-07-17,2026,통신,10.0,10.0,,80.0,False,False,11.63,0.68,,,,,,,unqualified,stub,liquid_stub,False,False,False,False,14620.0,6205133441840.0,938459,13720270580.0,15301421064.4,17810.0,13900.0,0.0188,35.34,,,,,,,False,telecom,krx_official,False,True,
078930,GS,2026-07-17,2026,지주/에너지,10.0,10.0,,80.0,False,False,7.71,0.42,,,,,,,unqualified,stub,liquid_stub,False,False,False,False,82800.0,7691746986000.0,369644,30606523200.0,28508477525.0,82800.0,43650.0,0.4476,48.34,,,,,,,False,holding_company,manual,False,True,
454910,두산로보틱스,2026-07-17,2026,기계·장비,10.0,10.0,,80.0,False,False,,16.51,,,,,,,unqualified,stub,liquid_stub,False,False,False,False,67000.0,4342938660000.0,365418,24483006000.0,50094272262.5,166700.0,58500.0,-0.1986,80.04,,,,,,,False,industrials,krx_official,False,True,
241560,두산밥캣,2026-07-17,2026,기계/산업재,10.0,10.0,,80.0,False,False,14.9,0.83,,,,,,,unqualified,stub,liquid_stub,False,False,False,False,64300.0,6163544979500.0,226072,14536429600.0,15679285017.5,76700.0,52300.0,0.134,47.54,,,,,,,False,industrial,manual,False,True,
267270,HD건설기계,2026-07-17,2026,기계·장비,10.0,10.0,,80.0,False,False,21.39,1.17,,,,,,,unqualified,stub,liquid_stub,False,False,False,False,130300.0,6244223179100.0,216711,28237443300.0,39077375134.9,198100.0,73200.0,0.1845,68.27,,,,,,,False,industrials,krx_official,False,True,
039030,이오테크닉스,2026-07-17,2026,기계·장비,10.0,10.0,,80.0,False,False,98.1,8.24,,,,,,,unqualified,stub,liquid_stub,False,False,False,False,344000.0,4237925200000.0,118534,40775696000.0,82201600612.5,612000.0,185100.0,0.1115,87.76,,,,,,,False,industrials,krx_official,False,True,
090430,아모레퍼시픽,2026-07-17,2026,화학,10.0,10.0,,80.0,False,False,28.16,1.22,,,,,,,unqualified,stub,liquid_stub,False,False,False,False,124400.0,7276499219600.0,224697,27952306800.0,43292823247.5,165100.0,96200.0,0.0436,46.8,,,,,,,False,materials,krx_official,False,True,
000500,가온전선,2026-07-17,2026,전기·전자,10.0,10.0,,80.0,False,False,106.69,11.34,,,,,,,unqualified,stub,liquid_stub,False,False,False,False,196700.0,3254030720500.0,100776,19822639200.0,59270410502.5,313406.0,29840.0,2.8899,115.58,,,,,,,False,electronics,krx_official,False,True,
000100,유한양행,2026-07-17,2026,제약,10.0,10.0,,80.0,False,False,26.86,2.26,,,,,,,unqualified,stub,liquid_stub,False,False,False,False,70800.0,5639050150800.0,245221,17361646800.0,22519192585.0,135800.0,66400.0,-0.3751,43.48,,,,,,,False,healthcare,krx_official,False,True,
011790,SKC,2026-07-17,2026,화학,10.0,10.0,,80.0,False,False,,4.6,,,,,,,unqualified,stub,liquid_stub,False,False,False,False,85200.0,4225774989600.0,179133,15262131600.0,36063308875.0,174100.0,82714.0,-0.1131,77.05,,,,,,,False,materials,krx_official,False,True,
377300,카카오페이,2026-07-17,2026,기타금융,10.0,10.0,,80.0,False,False,115.97,2.76,,,,,,,unqualified,stub,liquid_stub,False,False,False,False,40900.0,5532548112500.0,187321,7661428900.0,9253464833.85,86700.0,37450.0,-0.1695,70.17,,,,,,,False,financial,krx_official,False,True,
029780,삼성카드,2026-07-17,2026,기타금융,10.0,10.0,,80.0,False,False,7.69,0.56,,,,,,,unqualified,stub,liquid_stub,False,False,False,False,47050.0,5451160821550.0,81429,3831234450.0,5142470903.75,67400.0,45200.0,-0.1004,31.13,,,,,,,False,financial,krx_official,False,True,
298380,에이비엘바이오,2026-07-17,2026,제약,10.0,10.0,,80.0,False,False,,32.81,,,,,,,unqualified,stub,liquid_stub,False,False,False,False,75600.0,4232652202800.0,203800,15407280000.0,38624232897.5,245500.0,61800.0,-0.6303,92.67,,,,,,,False,healthcare,krx_official,False,True,
138930,BNK금융지주,2026-07-17,2026,은행/금융지주,10.0,10.0,,80.0,False,False,6.66,0.48,,,,,,,unqualified,stub,liquid_stub,False,False,False,False,18330.0,5688294514890.0,820582,15041268060.0,19281975199.75,22650.0,13750.0,0.198,35.43,,,,,,,False,financial,manual,False,True,
036570,NC,2026-07-17,2026,IT 서비스,10.0,10.0,,80.0,False,False,13.51,1.39,,,,,,,unqualified,stub,liquid_stub,False,False,False,False,223000.0,4804316906000.0,86310,19247130000.0,26228514800.0,338000.0,187000.0,0.0,55.01,,,,,,,False,it_services,krx_official,False,True,
000250,삼천당제약,2026-07-17,2026,제약,10.0,10.0,,80.0,False,False,988.94,18.83,,,,,,,unqualified,stub,liquid_stub,False,False,False,False,184100.0,4318520595200.0,95712,17620579200.0,27915564775.0,1184000.0,154200.0,-0.2531,101.74,,,,,,,False,healthcare,krx_official,False,True,
005385,현대차우,2026-07-17,2026,운송장비·부품,10.0,10.0,,80.0,False,False,,,,,,,,,unqualified,stub,liquid_stub,False,False,False,False,194600.0,4542150816000.0,127747,24859566200.0,23760733355.0,321500.0,156600.0,-0.1502,51.2,,,,,,,False,auto,krx_official,False,True,
141080,리가켐바이오,2026-07-17,2026,일반서비스,10.0,10.0,,80.0,False,False,,9.91,,,,,,,unqualified,stub,liquid_stub,False,False,False,False,103700.0,3838913646600.0,275810,28601497000.0,71856176992.5,213500.0,103700.0,-0.4296,77.9,,,,,,,False,services,krx_official,False,True,
088980,맥쿼리인프라,2026-07-17,2026,기타금융,10.0,10.0,,80.0,False,False,,,,,,,,,unqualified,stub,liquid_stub,False,False,False,False,10190.0,4880215108670.0,1130844,11523300360.0,21089116307.5,11830.0,9940.0,-0.0836,11.54,,,,,,,False,financial,krx_official,False,True,
128940,한미약품,2026-07-17,2026,제약,10.0,10.0,,80.0,False,False,28.19,3.83,,,,,,,unqualified,stub,liquid_stub,False,False,False,False,386000.0,4945042526000.0,85669,33068234000.0,44340482662.5,626000.0,270000.0,-0.1908,67.72,,,,,,,False,healthcare,krx_official,False,True,
319660,피에스케이,2026-07-17,2026,기계·장비,10.0,10.0,,80.0,False,False,58.89,8.58,,,,,,,unqualified,stub,liquid_stub,False,False,False,False,195400.0,5660095915600.0,528525,103273785000.0,128654842137.5,211500.0,18180.0,3.5495,94.12,,,,,,,False,industrials,krx_official,False,True,
023530,롯데쇼핑,2026-07-17,2026,유통,10.0,10.0,,80.0,False,False,95.94,0.33,,,,,,,unqualified,stub,liquid_stub,False,False,False,False,140800.0,3983056704000.0,165550,23309440000.0,24379284465.0,203500.0,64100.0,1.0555,53.71,,,,,,,False,distribution,krx_official,False,True,
440110,파두,2026-07-17,2026,전기·전자,10.0,10.0,,80.0,False,False,,229.67,,,,,,,unqualified,stub,liquid_stub,False,False,False,False,70400.0,3527140460800.0,454170,31973568000.0,77883883852.5,128300.0,11230.0,2.3129,97.52,,,,,,,False,electronics,krx_official,False,True,
222800,심텍,2026-07-17,2026,전기·전자,10.0,10.0,,80.0,False,False,,7.82,,,,,,,unqualified,stub,liquid_stub,False,False,False,False,107400.0,4023626189400.0,493882,53042926800.0,106336387840.0,157300.0,21650.0,1.4919,99.54,,,,,,,False,electronics,krx_official,False,True,
175330,JB금융지주,2026-07-17,2026,기타금융,10.0,10.0,,80.0,False,False,6.85,0.78,,,,,,,unqualified,stub,liquid_stub,False,False,False,False,27400.0,5158148201600.0,545705,14952317000.0,15978195941.25,37500.0,21750.0,0.1161,44.21,,,,,,,False,financial,krx_official,False,True,
001040,CJ,2026-07-17,2026,기타금융,10.0,10.0,,80.0,False,False,37.23,1.02,,,,,,,unqualified,stub,liquid_stub,False,False,False,False,135700.0,3959318628600.0,103393,14030430100.0,18227149115.0,232000.0,134500.0,-0.2427,56.77,,,,,,,False,financial,krx_official,False,True,
066970,엘앤에프,2026-07-17,2026,전기·전자,10.0,10.0,,80.0,False,False,,6.45,,,,,,,unqualified,stub,liquid_stub,False,False,False,False,92000.0,3742769024000.0,242546,22314232000.0,41426322760.0,213000.0,51800.0,-0.1458,87.6,,,,,,,False,electronics,krx_official,False,True,
087010,펩트론,2026-07-17,2026,제약,10.0,10.0,,80.0,False,False,,30.85,,,,,,,unqualified,stub,liquid_stub,False,False,False,False,119200.0,2779428120000.0,218620,26059504000.0,54111332675.0,386000.0,108200.0,-0.5519,97.43,,,,,,,False,healthcare,krx_official,False,True,
403870,HPSP,2026-07-17,2026,기계·장비,10.0,10.0,,80.0,False,False,58.82,13.91,,,,,,,unqualified,stub,liquid_stub,False,False,False,False,42500.0,3497750000000.0,1858498,78986165000.0,251228823877.5,83500.0,24500.0,0.284,88.69,,,,,,,False,industrials,krx_official,False,True,
082740,한화엔진,2026-07-17,2026,기계·장비,10.0,10.0,,80.0,False,False,25.83,8.03,,,,,,,unqualified,stub,liquid_stub,False,False,False,False,46900.0,3913670959800.0,600432,28160260800.0,41051429033.5,89500.0,25100.0,-0.0563,74.18,,,,,,,False,industrials,krx_official,False,True,
347850,디앤디파마텍,2026-07-17,2026,일반서비스,10.0,10.0,,80.0,False,False,,52.63,,,,,,,unqualified,stub,liquid_stub,False,False,False,False,68700.0,3149043738300.0,1048747,72048918900.0,140801308967.5,111200.0,29029.0,-0.3337,107.43,,,,,,,False,services,krx_official,False,True,
088350,한화생명,2026-07-17,2026,생명보험,10.0,10.0,,80.0,False,False,6.93,0.26,,,,,,,unqualified,stub,liquid_stub,False,False,False,False,4540.0,3943126200000.0,2132915,9683434100.0,16781368539.8,6600.0,2940.0,0.474,66.96,,,,,,,False,insurance,manual,False,True,
080220,제주반도체,2026-07-17,2026,전기·전자,10.0,10.0,,80.0,False,False,94.46,16.43,,,,,,,unqualified,stub,liquid_stub,False,False,False,False,81900.0,2820868022700.0,1495802,122506183800.0,333514968452.5,134000.0,13700.0,1.6678,98.99,,,,,,,False,electronics,krx_official,False,True,
095340,ISC,2026-07-17,2026,유통,10.0,10.0,,80.0,False,False,69.41,7.26,,,,,,,unqualified,stub,liquid_stub,False,False,False,False,145000.0,3073573410000.0,131090,19008050000.0,62733634657.5,271000.0,55500.0,0.3242,84.58,,,,,,,False,distribution,krx_official,False,True,
052690,한전기술,2026-07-17,2026,일반서비스,10.0,10.0,,80.0,False,False,46.79,6.39,,,,,,,unqualified,stub,liquid_stub,False,False,False,False,92700.0,3542994000000.0,84418,7825548600.0,16993470535.3,194800.0,83800.0,-0.0483,74.06,,,,,,,False,services,krx_official,False,True,
018880,한온시스템,2026-07-17,2026,기계·장비,10.0,10.0,,80.0,False,False,,1.08,,,,,,,unqualified,stub,liquid_stub,False,False,False,False,3490.0,3581656306480.0,3593633,12541779170.0,27044051192.55,5730.0,2800.0,0.2398,75.29,,,,,,,False,industrials,krx_official,False,True,
069960,현대백화점,2026-07-17,2026,유통,10.0,10.0,,80.0,False,False,20.02,0.91,,,,,,,unqualified,stub,liquid_stub,False,False,False,False,157400.0,3394317148800.0,71162,11200898800.0,30471300515.0,207000.0,69000.0,0.7146,57.23,,,,,,,False,distribution,krx_official,False,True,
010060,OCI홀딩스,2026-07-17,2026,기타금융,10.0,10.0,,80.0,False,False,,1.03,,,,,,,unqualified,stub,liquid_stub,False,False,False,False,194300.0,3627626077600.0,94779,18415559700.0,43875450065.0,388000.0,79700.0,0.9105,99.02,,,,,,,False,financial,krx_official,False,True,
084370,유진테크,2026-07-17,2026,기계·장비,10.0,10.0,,80.0,False,False,84.99,7.97,,,,,,,unqualified,stub,liquid_stub,False,False,False,False,146800.0,3364074965600.0,154096,22621292800.0,47735522885.0,206500.0,40500.0,0.7837,92.79,,,,,,,False,industrials,krx_official,False,True,
004020,현대제철,2026-07-17,2026,금속,10.0,10.0,,80.0,False,False,,0.2,,,,,,,unqualified,stub,liquid_stub,False,False,False,False,26550.0,3542985591750.0,423668,11248385400.0,17373711906.25,46500.0,26000.0,-0.0908,59.44,,,,,,,False,materials_metal,krx_official,False,True,
336260,두산퓨얼셀,2026-07-17,2026,전기·전자,10.0,10.0,,80.0,False,False,,12.85,,,,,,,unqualified,stub,liquid_stub,False,False,False,False,44550.0,2917745493300.0,293466,13073910300.0,27533559468.75,101500.0,21950.0,0.4325,92.93,,,,,,,False,electronics,krx_official,False,True,
108490,로보티즈,2026-07-17,2026,기계·장비,10.0,10.0,,80.0,False,False,661.04,11.72,,,,,,,unqualified,stub,liquid_stub,False,False,False,False,199900.0,2930739497200.0,128666,25720333400.0,40650006455.0,405000.0,67486.0,-0.174,105.9,,,,,,,False,industrials,krx_official,False,True,
178320,서진시스템,2026-07-17,2026,전기·전자,10.0,10.0,,80.0,False,False,,4.32,,,,,,,unqualified,stub,liquid_stub,False,False,False,False,39300.0,2501473964100.0,556446,21868327800.0,70976042798.75,80800.0,18650.0,0.5534,79.22,,,,,,,False,electronics,krx_official,False,True,
214370,케어젠,2026-07-17,2026,제약,10.0,10.0,,80.0,False,False,169.1,15.98,,,,,,,unqualified,stub,liquid_stub,False,False,False,False,61700.0,3314215500000.0,83729,5166079300.0,5997301517.5,150100.0,36500.0,-0.1223,93.62,,,,,,,False,healthcare,krx_official,False,True,
103590,일진전기,2026-07-17,2026,전기·전자,10.0,10.0,,80.0,False,False,33.78,5.96,,,,,,,unqualified,stub,liquid_stub,False,False,False,False,59500.0,2837280705000.0,216364,12873658000.0,26240738747.5,144100.0,33900.0,-0.0133,73.29,,,,,,,False,electronics,krx_official,False,True,
310210,보로노이,2026-07-17,2026,일반서비스,10.0,10.0,,80.0,False,False,,32.74,,,,,,,unqualified,stub,liquid_stub,False,False,False,False,145600.0,2682090174400.0,56334,8202230400.0,14978199710.0,363500.0,108500.0,-0.3683,82.18,,,,,,,False,services,krx_official,False,True,
067310,하나마이크론,2026-07-17,2026,전기·전자,10.0,10.0,,80.0,False,False,77.94,8.27,,,,,,,unqualified,stub,liquid_stub,False,False,False,False,35750.0,2376675229500.0,1557272,55672474000.0,105675996283.75,56800.0,10650.0,0.3241,84.97,,,,,,,False,electronics,krx_official,False,True,
022100,포스코DX,2026-07-17,2026,일반서비스,10.0,10.0,,80.0,False,False,63.99,5.85,,,,,,,unqualified,stub,liquid_stub,False,False,False,False,18630.0,2832407001270.0,320502,5970952260.0,8779705586.75,42850.0,18630.0,-0.3113,74.24,,,,,,,False,services,krx_official,False,True,
450080,에코프로머티,2026-07-17,2026,전기·전자,10.0,10.0,,80.0,False,False,135.8,3.1,,,,,,,unqualified,stub,liquid_stub,False,False,False,False,36500.0,2584706255000.0,243043,8871069500.0,19305651110.95,86400.0,35100.0,-0.2913,76.63,,,,,,,False,electronics,krx_official,False,True,
012510,더존비즈온,2026-07-17,2026,IT 서비스,10.0,10.0,,80.0,False,False,38.66,5.68,,,,,,,unqualified,stub,liquid_stub,False,False,False,False,120000.0,3494865960000.0,0,0.0,631674795.0,120300.0,64200.0,0.3043,44.11,,,,,,,False,it_services,manual,False,False,low_liquidity
095610,테스,2026-07-17,2026,기계·장비,10.0,10.0,,80.0,False,False,48.61,7.14,,,,,,,unqualified,stub,liquid_stub,False,False,False,False,194300.0,3761648000000.0,512694,99616444200.0,108959000720.0,217500.0,23900.0,2.7151,96.61,,,,,,,False,industrials,krx_official,False,True,
051900,LG생활건강,2026-07-17,2026,화학,10.0,10.0,,80.0,False,False,,0.69,,,,,,,unqualified,stub,liquid_stub,False,False,False,False,246500.0,3691466419500.0,37406,9220579000.0,13568436912.5,339000.0,215000.0,-0.0592,36.47,,,,,,,False,materials,krx_official,False,True,
004800,효성,2026-07-17,2026,지주/복합기업,10.0,10.0,,80.0,False,False,9.0,1.22,,,,,,,unqualified,stub,liquid_stub,False,False,False,False,143100.0,2395552241700.0,26572,3802453200.0,5208987600.0,276000.0,70600.0,0.1876,76.38,,,,,,,False,holding_company,manual,False,True,
