date,ticker,name,foreign_net_value,institution_net_value,retail_net_value,program_net_value,foreign_5d_sum,institution_5d_sum,foreign_20d_sum,institution_20d_sum,foreign_5d_mcap_pct,institution_5d_mcap_pct,foreign_20d_mcap_pct,institution_20d_mcap_pct,flow_score,flow_signal,source,staleness_days
2026-07-02,000080,하이트진로,,,,,,,,,,,,,0.0,STALE,template,999.0
2026-07-02,000100,유한양행,,,,,,,,,,,,,0.0,STALE,template,999.0
2026-07-08,000120,CJ대한통운,0.0,0.0,0.0,0.0,-932520150.0,-126439400.0,-9711117900.0,-5742988500.0,-0.05479607929478271,-0.007429741210830404,-0.5706377352697245,-0.3374653654776524,20.0,DISTRIBUTION,cache_stale,2
2026-07-02,000150,두산,,,,,,,,,,,,,0.0,STALE,template,999.0
2026-07-08,000210,DL,0.0,0.0,0.0,0.0,2163653350.0,-46345350.0,17443100250.0,-14311885725.0,0.23020738326385842,-0.004931031003625262,1.8559028712070051,-1.522749363858873,80.0,ACCUMULATION,cache_stale,2
2026-07-09,000270,기아,0.0,0.0,0.0,0.0,73972304700.0,144420904350.0,296535554300.0,30394272200.0,0.12581137530451647,0.24562966738273773,0.5043447823408175,0.05169428210152592,80.0,ACCUMULATION,cache_stale,1
2026-07-03,000370,한화손해보험,-90692235.0,-11339400.0,101388735.0,0.0,-3381218985.0,953124005.0,5964307965.0,4327987900.0,-0.4985187689069128,0.14052630358936255,0.8793631756132751,0.6381080933603048,20.0,DISTRIBUTION,cache_stale,1.0
2026-07-02,000400,롯데손해보험,,,,,,,,,,,,,0.0,STALE,template,999.0
2026-07-03,000430,대원강업,-32830751.0,-5319896.0,-117808738.0,-6988525.0,-783428274.0,-202465147.0,-2854886555.0,2367116.0,-0.3207091345996398,-0.08288240830194858,-1.168694348698215,0.0009690175208776813,20.0,DISTRIBUTION,cache_stale,2.0
2026-07-02,000500,가온전선,,,,,,,,,,,,,0.0,STALE,template,999.0
2026-07-02,000640,동아쏘시오홀딩스,,,,,,,,,,,,,0.0,STALE,template,999.0
2026-07-08,000660,SK하이닉스,0.0,0.0,0.0,0.0,-11861180545500.0,-4117517195000.0,-25384380281000.0,837305651000.0,-0.7533971981963136,-0.26153601712226326,-1.6123623536706706,0.0531838908511234,20.0,DISTRIBUTION,cache_stale,2
2026-07-02,000720,현대건설,,,,,,,,,,,,,0.0,STALE,template,999.0
2026-07-03,000810,삼성화재,0.0,0.0,0.0,0.0,38008030500.0,-28382146000.0,128247124000.0,-40602503500.0,0.1393276372680022,-0.10404162727599053,0.47012088072641656,-0.14883830615271662,80.0,ACCUMULATION,cache_stale,1.0
2026-07-02,000880,한화,,,,,,,,,,,,,0.0,STALE,template,999.0
2026-07-08,000990,DB하이텍,0.0,0.0,0.0,0.0,285670522650.0,-309074083950.0,168152819150.0,-96770616750.0,4.907657608650771,-5.309717522351391,2.888770093121033,-1.6624643284208491,80.0,ACCUMULATION,cache_stale,2
2026-07-08,001040,CJ,0.0,0.0,0.0,0.0,-2681351200.0,-1380658700.0,-35437657700.0,9649755050.0,-0.058274881907746046,-0.030006409715147415,-0.7701808392554573,0.20972199985493364,20.0,DISTRIBUTION,cache_stale,2
2026-07-02,001060,JW중외제약,,,,,,,,,,,,,0.0,STALE,template,999.0
2026-07-06,001120,LX인터내셔널,0.0,0.0,0.0,0.0,11596972350.0,-11281209950.0,41220059300.0,-49574054075.0,0.8585351306572617,-0.8351589333913736,3.051561039276392,-3.6700153891882206,80.0,ACCUMULATION,cache_stale,2.0
2026-07-08,001200,유진투자증권,0.0,0.0,0.0,0.0,-864538918.0,555352730.0,-3783881000.0,2919254357.0,-0.2112441031693062,0.13569659728317265,-0.9245651429938027,0.7132996048276852,20.0,DISTRIBUTION,cache_stale,2
2026-07-08,001250,GS글로벌,0.0,0.0,0.0,0.0,-623296513.0,3073832.0,-4641579112.0,-431778157.0,-0.2876959430405557,0.0014187934274360965,-2.142420905576581,-0.19929651694109207,20.0,DISTRIBUTION,cache_stale,2
2026-07-06,001340,PKC,-25016990.0,-1870950.0,20071690.0,174810.0,-311818605.0,-3583360.0,-6244038450.0,-655508545.0,-0.10820280876510215,-0.0012434460631895793,-2.166716441846999,-0.22746514993396677,20.0,DISTRIBUTION,cache_stale,2.0
2026-07-02,001430,세아베스틸지주,,,,,,,,,,,,,0.0,STALE,template,999.0
2026-07-02,001440,대한전선,,,,,,,,,,,,,0.0,STALE,template,999.0
2026-07-08,001450,현대해상,0.0,0.0,0.0,0.0,-8919522550.0,12834328600.0,-2600420075.0,51919324200.0,-0.30728334310719785,0.4421509533315012,-0.08958615998219212,1.788654428822812,20.0,DISTRIBUTION,cache_stale,2
2026-07-02,001510,SK증권,,,,,,,,,,,,,0.0,STALE,template,999.0
2026-07-02,001680,대상,,,,,,,,,,,,,0.0,STALE,template,999.0
2026-07-02,001720,신영증권,,,,,,,,,,,,,0.0,STALE,template,999.0
2026-07-02,001740,SK네트웍스,,,,,,,,,,,,,0.0,STALE,template,999.0
2026-07-02,001800,오리온홀딩스,,,,,,,,,,,,,0.0,STALE,template,999.0
2026-07-02,001820,삼화콘덴서,,,,,,,,,,,,,0.0,STALE,template,999.0
2026-07-02,002020,코오롱,,,,,,,,,,,,,0.0,STALE,template,999.0
2026-07-09,002380,KCC,0.0,0.0,0.0,0.0,11462198500.0,-6589004250.0,47853003000.0,-44253274750.0,0.29908422767797144,-0.17192751000413414,1.2486329253787265,-1.154704876278737,80.0,ACCUMULATION,cache_stale,1
2026-07-02,002790,아모레퍼시픽홀딩스,,,,,,,,,,,,,0.0,STALE,template,999.0
2026-07-08,002900,TYM,0.0,0.0,0.0,0.0,145780210.0,-194296645.0,-1964996965.0,637488315.0,0.05859003512664079,-0.07808911275089023,-0.7897453378829167,0.2562107899877017,20.0,DISTRIBUTION,cache_stale,2
2026-07-03,002990,금호건설,0.0,0.0,0.0,0.0,-546863476.0,-1750911242.0,-1132465942.0,-2250526209.0,-0.08343927687912343,-0.26715034798193016,-0.17278926722602214,-0.3433805469145557,20.0,DISTRIBUTION,auto_pykrx,0.0
2026-07-02,003160,디아이,,,,,,,,,,,,,0.0,STALE,template,999.0
2026-07-02,003230,삼양식품,,,,,,,,,,,,,0.0,STALE,template,999.0
2026-07-08,003380,하림지주,0.0,0.0,0.0,0.0,1808504630.0,4623933740.0,8466470415.0,5688651710.0,0.1613042199076716,0.4124180897648365,0.7551417801252495,0.5073824590695087,80.0,ACCUMULATION,cache_stale,2
2026-07-02,003470,유안타증권,,,,,,,,,,,,,0.0,STALE,template,999.0
2026-07-09,003490,대한항공,0.0,0.0,0.0,0.0,-39712842500.0,136659037225.0,180107855275.0,276637752825.0,-0.38935257479990687,1.339832272475335,1.7658130916468704,2.7122113293520593,20.0,DISTRIBUTION,cache_stale,1
2026-07-02,003530,한화투자증권,,,,,,,,,,,,,0.0,STALE,template,999.0
2026-07-02,003540,대신증권,,,,,,,,,,,,,0.0,STALE,template,999.0
2026-07-08,003550,LG,0.0,0.0,0.0,0.0,32996840300.0,-5610426550.0,29198378550.0,-187988271100.0,0.22545931025569665,-0.03833466746218267,0.19950535350100562,-1.2844777121998228,80.0,ACCUMULATION,cache_stale,2
2026-07-02,003570,SNT다이내믹스,,,,,,,,,,,,,0.0,STALE,template,999.0
2026-07-08,003620,KG모빌리티,0.0,0.0,0.0,0.0,116552841.0,-669999582.0,-6516742784.0,-901365474.0,0.020386737873841994,-0.11719238876225853,-1.1398703436895143,-0.15766155066927404,20.0,DISTRIBUTION,cache_stale,2
2026-07-02,003670,포스코퓨처엠,,,,,,,,,,,,,0.0,STALE,template,999.0
2026-07-02,004000,롯데정밀화학,,,,,,,,,,,,,0.0,STALE,template,999.0
2026-07-02,004020,현대제철,,,,,,,,,,,,,0.0,STALE,template,999.0
2026-07-02,004170,신세계,,,,,,,,,,,,,0.0,STALE,template,999.0
2026-07-02,004370,농심,,,,,,,,,,,,,0.0,STALE,template,999.0
2026-07-02,004490,세방전지,,,,,,,,,,,,,0.0,STALE,template,999.0
2026-07-02,004710,한솔테크닉스,,,,,,,,,,,,,0.0,STALE,template,999.0
2026-07-02,004800,효성,6497300.0,-8829200.0,23988000.0,40857200.0,5399672000.0,1891835500.0,16316609100.0,-3320118700.0,0.18774924862075612,0.06578004990656329,0.5673365157297687,-0.11544215857124684,80.0,ACCUMULATION,auto_pykrx,0.0
2026-07-02,004990,롯데지주,,,,,,,,,,,,,0.0,STALE,template,999.0
2026-07-02,005070,코스모신소재,,,,,,,,,,,,,0.0,STALE,template,999.0
2026-07-02,005090,SGC에너지,,,,,,,,,,,,,0.0,STALE,template,999.0
2026-07-02,005180,빙그레,,,,,,,,,,,,,0.0,STALE,template,999.0
2026-07-02,005300,롯데칠성,,,,,,,,,,,,,0.0,STALE,template,999.0
2026-07-08,005380,현대차,0.0,0.0,0.0,0.0,-61631276750.0,120208135500.0,-1444409718750.0,-730071864250.0,-0.06142776328997774,0.11981119461432495,-1.4396401141749564,-0.7276610842208743,20.0,DISTRIBUTION,auto_pykrx,0.0
2026-07-08,005440,현대지에프홀딩스,0.0,0.0,0.0,0.0,-5249220295.0,11675088525.0,1115457150.0,16223789095.0,-0.23463068135200438,0.5218554035682204,0.04985892311906963,0.7251741164486732,20.0,DISTRIBUTION,cache_stale,2
2026-07-02,005490,POSCO홀딩스,,,,,,,,,,,,,0.0,STALE,template,999.0
2026-07-03,005500,삼진제약,275300870.0,-7379260.0,-262416050.0,-5505560.0,257513635.0,-4345065.0,1292945570.0,-944794560.0,0.10506986674174174,-0.0017728591363102232,0.5275434007376942,-0.38549197023110066,80.0,ACCUMULATION,cache_stale,2.0
2026-07-02,005690,파미셀,,,,,,,,,,,,,0.0,STALE,template,999.0
2026-07-02,005810,풍산홀딩스,,,,,,,,,,,,,0.0,STALE,template,999.0
2026-07-08,005830,DB손해보험,0.0,0.0,0.0,0.0,-26585586050.0,23038217600.0,-66401097900.0,54957167350.0,-0.27131326689245727,0.2351113896334554,-0.6776415897927849,0.560853109833326,20.0,DISTRIBUTION,cache_stale,2
2026-07-02,005880,대한해운,,,,,,,,,,,,,0.0,STALE,template,999.0
2026-07-02,005930,삼성전자,,,,,,,,,,,,,0.0,STALE,template,999.0
2026-07-09,005940,NH투자증권,0.0,0.0,0.0,0.0,-4740396950.0,26305070625.0,39284897675.0,-12107582450.0,-0.044640448115054236,0.2477155716670837,0.36994695905499064,-0.11401743606259943,80.0,ACCUMULATION,cache_stale,1
2026-07-08,006040,동원산업,0.0,0.0,0.0,0.0,-3257458525.0,6652846075.0,4247152050.0,6823329525.0,-0.21145262503422516,0.4318586885177277,0.27569697142713145,0.4429253445474898,20.0,DISTRIBUTION,cache_stale,2
2026-07-02,006110,삼아알미늄,,,,,,,,,,,,,0.0,STALE,template,999.0
2026-07-02,006120,SK디스커버리,,,,,,,,,,,,,0.0,STALE,template,999.0
2026-07-08,006260,LS,0.0,0.0,0.0,0.0,-87337470000.0,141040927250.0,40000304500.0,50890590000.0,-0.7059969444174993,1.1401116116176804,0.3233445250105086,0.4113767096711611,20.0,DISTRIBUTION,cache_stale,2
2026-07-02,006280,녹십자,,,,,,,,,,,,,0.0,STALE,template,999.0
2026-07-02,006340,대원전선,,,,,,,,,,,,,0.0,STALE,template,999.0
2026-07-08,006360,GS건설,0.0,0.0,0.0,0.0,19177901475.0,40342654025.0,60480976150.0,-21570047000.0,0.7648101084928193,1.6088553610503167,2.411966814582518,-0.8602082979605679,80.0,ACCUMULATION,cache_stale,2
2026-07-02,006400,삼성SDI,,,,,,,,,,,,,0.0,STALE,template,999.0
2026-07-02,006800,미래에셋증권,,,,,,,,,,,,,0.0,STALE,template,999.0
2026-07-08,007070,GS리테일,0.0,0.0,0.0,0.0,-6370063875.0,10800779725.0,-16142798700.0,27070282700.0,-0.3327082031730545,0.564124329942093,-0.8431377855942332,1.4138798751847088,20.0,DISTRIBUTION,cache_stale,2
2026-07-02,007310,오뚜기,,,,,,,,,,,,,0.0,STALE,template,999.0
2026-07-02,007340,DN오토모티브,-1996248875.0,2453248600.0,-378546675.0,-46582450.0,-3644769275.0,6754260325.0,4399715300.0,13417697200.0,-0.1645764306010164,0.3049828320445773,0.1986653708648485,0.6058646091010115,20.0,DISTRIBUTION,auto_pykrx,0.0
2026-07-02,007660,이수페타시스,,,,,,,,,,,,,0.0,STALE,template,999.0
2026-07-02,007810,코리아써키트,,,,,,,,,,,,,0.0,STALE,template,999.0
2026-07-02,008060,대덕,,,,,,,,,,,,,0.0,STALE,template,999.0
2026-07-02,008770,호텔신라,,,,,,,,,,,,,0.0,STALE,template,999.0
2026-07-02,008930,한미사이언스,,,,,,,,,,,,,0.0,STALE,template,999.0
2026-07-02,009150,삼성전기,,,,,,,,,,,,,0.0,STALE,template,999.0
2026-07-02,009240,한샘,,,,,,,,,,,,,0.0,STALE,template,999.0
2026-07-02,009420,한올바이오파마,,,,,,,,,,,,,0.0,STALE,template,999.0
2026-07-02,009450,경동나비엔,,,,,,,,,,,,,0.0,STALE,template,999.0
2026-07-08,009540,HD한국조선해양,0.0,0.0,0.0,0.0,-17286234000.0,19166456500.0,-92073609250.0,128827262750.0,-0.06784683136837816,0.07522652661562117,-0.3613801965345774,0.5056348057910702,20.0,DISTRIBUTION,cache_stale,2
2026-07-02,009830,한화솔루션,,,,,,,,,,,,,0.0,STALE,template,999.0
2026-07-02,009970,영원무역홀딩스,,,,,,,,,,,,,0.0,STALE,template,999.0
2026-07-06,010060,OCI홀딩스,0.0,0.0,0.0,0.0,13822700000.0,-11568504850.0,37883302250.0,-30945868350.0,0.3130487851510787,-0.2619970330909925,0.8579598592802874,-0.7008447331138429,80.0,ACCUMULATION,cache_stale,2.0
2026-07-08,010120,LS ELECTRIC,0.0,0.0,0.0,0.0,-234604125400.0,90881314350.0,23542663300.0,-241287977350.0,-0.596957062086514,0.23125016374045804,0.05990499567430026,-0.613964318956743,20.0,DISTRIBUTION,cache_stale,1.0
2026-07-02,010140,삼성중공업,,,,,,,,,,,,,0.0,STALE,template,999.0
2026-07-03,010690,화신,218509705.0,-491930.0,-219520170.0,1806045.0,9036785.0,36967180.0,-2448321945.0,-13014635170.0,0.002156519401309053,0.008821770229310978,-0.5842624091469717,-3.1057852151029537,20.0,DISTRIBUTION,cache_stale,2.0
2026-07-02,010780,아이에스동서,,,,,,,,,,,,,0.0,STALE,template,999.0
2026-07-02,010950,S-Oil,,,,,,,,,,,,,0.0,STALE,template,999.0
2026-07-08,011070,LG이노텍,0.0,0.0,0.0,0.0,267922913000.0,-156446897500.0,-412269501500.0,-226387351500.0,1.241280245631664,-0.7248146161993685,-1.9100344287775184,-1.0488470139835404,20.0,DISTRIBUTION,cache_stale,2
2026-07-02,011170,롯데케미칼,,,,,,,,,,,,,0.0,STALE,template,999.0
2026-07-08,011200,HMM,0.0,0.0,0.0,0.0,-8033152085.0,16294467920.0,7907618470.0,12380998290.0,-0.04532501266645663,0.0919373811241831,0.04461672124738024,0.06985662643751975,65.0,MILD_ACCUMULATION,cache_stale,2
2026-07-02,011210,현대위아,,,,,,,,,,,,,0.0,STALE,template,999.0
2026-07-02,011780,금호석유화학,,,,,,,,,,,,,0.0,STALE,template,999.0
2026-07-02,011790,SKC,,,,,,,,,,,,,0.0,STALE,template,999.0
2026-07-08,012030,DB,0.0,0.0,0.0,0.0,-413433357.0,-43152563.0,1909985450.0,-365211921.0,-0.11429944454416559,-0.01193013069227772,0.5280422402453563,-0.10096795288631653,20.0,DISTRIBUTION,cache_stale,2
2026-07-02,012330,현대모비스,,,,,,,,,,,,,0.0,STALE,template,999.0
2026-07-02,012450,한화에어로스페이스,,,,,,,,,,,,,0.0,STALE,template,999.0
2026-07-02,012510,더존비즈온,,,,,,,,,,,,,0.0,STALE,template,999.0
2026-07-08,012630,HDC,0.0,0.0,0.0,0.0,87937215.0,-43243055.0,3195350535.0,-4072706170.0,0.007509982181532427,-0.0036930277189813976,0.2728881689237044,-0.34781577705545,80.0,ACCUMULATION,cache_stale,2
2026-07-02,0126Z0,삼성에피스홀딩스,,,,,,,,,,,,,0.0,STALE,template,999.0
2026-07-02,012750,에스원,,,,,,,,,,,,,0.0,STALE,template,999.0
2026-07-06,013120,동원개발,223950228.0,-54894092.0,-233547236.0,143199685.0,-399525083.0,-325400216.0,-1141804497.0,-453259049.0,-0.1442512622682374,-0.1174879723392914,-0.41225631872479923,-0.1636522780041594,20.0,DISTRIBUTION,cache_stale,1.0
2026-07-02,014680,한솔케미칼,,,,,,,,,,,,,0.0,STALE,template,999.0
2026-07-08,015760,한국전력,0.0,0.0,0.0,0.0,-71397065000.0,106204808575.0,-72102860825.0,132759502050.0,-0.2965776126026649,0.44116615401622644,-0.29950943116920437,0.5514721952268989,20.0,DISTRIBUTION,cache_stale,2
2026-07-03,015860,일진홀딩스,-10667610.0,-58206340.0,75303070.0,-6429120.0,-658187260.0,-47812025.0,-1450515840.0,-1995508830.0,-0.2093847430292597,-0.015210122068199165,-0.4614429735669311,-0.6348179750276064,20.0,DISTRIBUTION,cache_stale,2.0
2026-07-09,016360,삼성증권,0.0,0.0,0.0,0.0,-30975283450.0,64879705000.0,-42623520300.0,20292871200.0,-0.31476195627211445,0.6592889747440772,-0.4331280020242133,0.20621034340494632,20.0,DISTRIBUTION,cache_stale,1
2026-07-06,017510,세명전기,20912370.0,36990.0,-22525260.0,123200.0,-1179316975.0,75499780.0,-800014630.0,43081380.0,-0.984129132940722,0.06300386970060808,-0.6676048262273107,0.03595101405649636,20.0,DISTRIBUTION,cache_stale,1.0
2026-07-02,017670,SK텔레콤,,,,,,,,,,,,,0.0,STALE,template,999.0
2026-07-02,017800,현대엘리베이터,,,,,,,,,,,,,0.0,STALE,template,999.0
2026-07-02,017960,한국카본,,,,,,,,,,,,,0.0,STALE,template,999.0
2026-07-02,018260,삼성에스디에스,,,,,,,,,,,,,0.0,STALE,template,999.0
2026-07-02,018670,SK가스,,,,,,,,,,,,,0.0,STALE,template,999.0
2026-07-02,018880,한온시스템,,,,,,,,,,,,,0.0,STALE,template,999.0
2026-07-08,020000,한섬,0.0,0.0,0.0,0.0,894327520.0,1445677060.0,9048686135.0,-3627673155.0,0.20665601411380494,0.3340586666899885,2.0909178883659436,-0.838261663601665,80.0,ACCUMULATION,cache_stale,2
2026-07-02,020150,롯데에너지머티리얼즈,,,,,,,,,,,,,0.0,STALE,template,999.0
2026-07-02,020560,아시아나항공,,,,,,,,,,,,,0.0,STALE,template,999.0
2026-07-08,021240,코웨이,0.0,0.0,0.0,0.0,-10796405600.0,19217179050.0,54948193850.0,-38249737250.0,-0.1602539872634897,0.2852458198420131,0.8156109990337582,-0.5677512621509262,20.0,DISTRIBUTION,cache_stale,2
2026-07-02,022100,포스코DX,,,,,,,,,,,,,0.0,STALE,template,999.0
2026-07-06,023160,태광,144180700.0,-992596850.0,830879300.0,16916400.0,2122162175.0,-2664961325.0,15504353000.0,-13211532050.0,0.3418355306620371,-0.42926901603322587,2.4974239941518825,-2.128098937193742,80.0,ACCUMULATION,cache_stale,1.0
2026-07-03,023410,유진기업,-654250777.0,-2622377.0,660958109.0,-4062150.0,-2081189582.0,92814047.0,-2001969287.0,136784813.0,-0.7365186369267215,0.032846250997662675,-0.7084831209915218,0.048407201772662195,20.0,DISTRIBUTION,cache_stale,2.0
2026-07-02,023530,롯데쇼핑,,,,,,,,,,,,,0.0,STALE,template,999.0
2026-07-08,023590,다우기술,0.0,0.0,0.0,0.0,-1883161525.0,948357325.0,-1931528525.0,-2929400550.0,-0.12254584789447484,0.06171390555521309,-0.12569330760328132,-0.19062935890339572,20.0,DISTRIBUTION,auto_pykrx,0.0
2026-07-08,024110,기업은행,0.0,0.0,0.0,0.0,1880459405.0,17875286470.0,23692641305.0,33124729965.0,0.011703037363406747,0.11124682877161557,0.14745113119323572,0.20615172622306838,80.0,ACCUMULATION,cache_stale,2
2026-07-06,025540,한국단자,0.0,0.0,0.0,0.0,1008400850.0,-1682055000.0,802937400.0,-1744031550.0,0.15243671024804956,-0.2542708394744838,0.12137746193998375,-0.2636396350229245,80.0,ACCUMULATION,auto_pykrx,0.0
2026-07-02,026960,동서,,,,,,,,,,,,,0.0,STALE,template,999.0
2026-07-02,028050,삼성E&A,,,,,,,,,,,,,0.0,STALE,template,999.0
2026-07-02,028260,삼성물산,,,,,,,,,,,,,0.0,STALE,template,999.0
2026-07-09,028670,팬오션,0.0,0.0,0.0,0.0,384015579.0,9900415905.0,13265587366.0,3773510400.0,0.01408557178489842,0.3631441705916508,0.4865776112500752,0.13841118570937133,80.0,ACCUMULATION,cache_stale,1
2026-07-02,029780,삼성카드,,,,,,,,,,,,,0.0,STALE,template,999.0
2026-07-02,030000,제일기획,,,,,,,,,,,,,0.0,STALE,template,999.0
2026-07-03,030190,NICE평가정보,0.0,0.0,0.0,0.0,-1345727200.0,1362207590.0,-4739500.0,1464530910.0,-0.16481378011864228,0.16683216495453582,-0.0005804556160210666,0.17936389736173503,20.0,DISTRIBUTION,auto_pykrx,0.0
2026-07-08,030200,KT,0.0,0.0,0.0,0.0,-746494900.0,28633630650.0,-3252228850.0,66329960400.0,-0.005385502658413916,0.20657407570449202,-0.02346283560335835,0.4785299645941181,80.0,ACCUMULATION,cache_stale,2
2026-07-02,031210,서울보증보험,,,,,,,,,,,,,0.0,STALE,template,999.0
2026-07-02,032350,롯데관광개발,,,,,,,,,,,,,0.0,STALE,template,999.0
2026-07-08,032640,LG유플러스,0.0,0.0,0.0,0.0,8139340010.0,3429163105.0,-25053072235.0,9668093845.0,0.1356238374901026,0.05713930848301982,-0.4174532324798951,0.16109708979626977,20.0,DISTRIBUTION,cache_stale,2
2026-07-02,032830,삼성생명,,,,,,,,,,,,,0.0,STALE,template,999.0
2026-07-02,033240,자화전자,,,,,,,,,,,,,0.0,STALE,template,999.0
2026-07-08,033780,KT&G,0.0,0.0,0.0,0.0,-3571560300.0,23446539600.0,29181765950.0,527310500.0,-0.02041817787683243,0.1340410285524216,0.16682862331267145,0.0030145702944792633,80.0,ACCUMULATION,cache_stale,2
2026-07-02,034020,두산에너빌리티,,,,,,,,,,,,,0.0,STALE,template,999.0
2026-07-08,034220,LG디스플레이,0.0,0.0,0.0,0.0,-50245277715.0,5081718145.0,-42162069065.0,-21124579760.0,-0.894044087455516,0.09042203104982206,-0.7502147520462634,-0.3758822021352313,20.0,DISTRIBUTION,cache_stale,2
2026-07-02,034230,파라다이스,,,,,,,,,,,,,0.0,STALE,template,999.0
2026-07-02,034730,SK,,,,,,,,,,,,,0.0,STALE,template,999.0
2026-07-02,035250,강원랜드,,,,,,,,,,,,,0.0,STALE,template,999.0
2026-07-06,035420,NAVER,0.0,0.0,0.0,0.0,-30234886500.0,-12835412000.0,-631761137500.0,880184865100.0,-0.09738089030857995,-0.041340451138701335,-2.0347839583294345,2.8349101227674636,20.0,DISTRIBUTION,cache_stale,2.0
2026-07-02,035720,카카오,,,,,,,,,,,,,0.0,STALE,template,999.0
2026-07-07,035760,CJ ENM,0.0,0.0,0.0,0.0,-581737275.0,-163243700.0,-6030806050.0,231798225.0,-0.08063231277664971,-0.02262656639497198,-0.835906276968261,0.03212863913400121,20.0,DISTRIBUTION,auto_pykrx,0.0
2026-07-03,035890,서희건설,-120045280.0,-3258755.0,-88246977.0,780607.0,-1657129848.0,1049181152.0,-2219826194.0,-26120021.0,-0.31906715059455854,0.20201147244446735,-0.4274098492580792,-0.005029201956623034,20.0,DISTRIBUTION,cache_stale,2.0
2026-07-02,036460,한국가스공사,,,,,,,,,,,,,0.0,STALE,template,999.0
2026-07-08,036530,SNT홀딩스,0.0,0.0,0.0,0.0,-188323600.0,615384125.0,-3227760950.0,1102340100.0,-0.02310168262952771,0.0754892575917177,-0.395949891946006,0.1352242158709893,20.0,DISTRIBUTION,cache_stale,2
2026-07-06,036570,NC,0.0,0.0,0.0,0.0,14051638000.0,27849625500.0,14772169250.0,61472601500.0,0.2547769907471316,0.5049549225737655,0.26784128856168316,1.1145892331959883,80.0,ACCUMULATION,cache_stale,2.0
2026-07-03,036830,솔브레인홀딩스,-281923450.0,221030875.0,73733175.0,417100.0,-1164901475.0,646140325.0,503011850.0,-5044499100.0,-0.1552279489188244,0.08610087592471509,0.06702841350369428,-0.6722004095804375,20.0,DISTRIBUTION,cache_stale,1.0
2026-07-03,037350,성도이엔지,-268214975.0,-27367275.0,308736640.0,1097840.0,-3146008355.0,-238874670.0,-5807308240.0,-187394035.0,-2.130156088025453,-0.1617415706372373,-3.9321170214998937,-0.1268841336293606,20.0,DISTRIBUTION,cache_stale,2.0
2026-07-09,037460,삼지전자,0.0,0.0,0.0,0.0,-3292313775.0,1461403875.0,3438083000.0,6313623275.0,-0.5951421362944381,0.26417379496474935,0.6214924218083044,1.1412956055932995,20.0,DISTRIBUTION,cache_stale,1
2026-07-03,037710,광주신세계,898045500.0,-125648400.0,-851208050.0,46975100.0,-6264501550.0,-2219537000.0,-4656897500.0,-1854794775.0,-2.0180344300935786,-0.7149973623785936,-1.5001639663440918,-0.5975000064781966,20.0,DISTRIBUTION,cache_stale,2.0
2026-07-02,039130,하나투어,,,,,,,,,,,,,0.0,STALE,template,999.0
2026-07-09,039490,키움증권,0.0,0.0,0.0,0.0,-55644459250.0,74620916250.0,-100231988750.0,116965213500.0,-0.6650600119963865,0.891865751330962,-1.197968109295566,1.3979628401810718,20.0,DISTRIBUTION,cache_stale,1
2026-07-06,039830,오로라,0.0,0.0,0.0,0.0,878811500.0,-107530280.0,2490038045.0,-362397645.0,0.4002549045659597,-0.04897469134092001,1.134088413803283,-0.16505409273138044,80.0,ACCUMULATION,auto_pykrx,0.0
2026-07-03,041190,우리기술투자,13579460.0,-16261977.0,-48063103.0,9225850.0,1510880300.0,1249576883.0,4606482775.0,2074827443.0,0.3704772448629297,0.3064040221176009,1.1295382215192977,0.5087605911921926,80.0,ACCUMULATION,cache_stale,2.0
2026-07-08,041510,에스엠,0.0,0.0,0.0,0.0,-15797631600.0,28095836200.0,13108540150.0,-3281599150.0,-0.8414791547840963,1.4965572749859806,0.6982415823569016,-0.17479818171492295,20.0,DISTRIBUTION,auto_pykrx,0.0
2026-07-02,042660,한화오션,,,,,,,,,,,,,0.0,STALE,template,999.0
2026-07-02,042700,한미반도체,,,,,,,,,,,,,0.0,STALE,template,999.0
2026-07-02,047040,대우건설,,,,,,,,,,,,,0.0,STALE,template,999.0
2026-07-02,047050,포스코인터내셔널,,,,,,,,,,,,,0.0,STALE,template,999.0
2026-07-02,047810,한국항공우주,,,,,,,,,,,,,0.0,STALE,template,999.0
2026-07-02,051600,한전KPS,,,,,,,,,,,,,0.0,STALE,template,999.0
2026-07-08,051900,LG생활건강,0.0,0.0,0.0,0.0,17995348500.0,14415456000.0,27838480250.0,14307358000.0,0.5102550971124787,0.40874784398872105,0.7893554516839488,0.4056827432774086,80.0,ACCUMULATION,cache_stale,2
2026-07-08,051910,LG화학,0.0,0.0,0.0,0.0,-247221500.0,-26063259750.0,221826641000.0,-146062651750.0,-0.0012507502811904523,-0.1318600099952969,1.1222718639207492,-0.7389644620218534,80.0,ACCUMULATION,cache_stale,2
2026-07-06,052400,코나아이,0.0,0.0,0.0,0.0,-2280141725.0,2150642400.0,-14131373200.0,7639157750.0,-0.33276886590868227,0.31386945143645695,-2.0623634846629306,1.114875375110738,20.0,DISTRIBUTION,cache_stale,1.0
2026-07-02,052690,한전기술,,,,,,,,,,,,,0.0,STALE,template,999.0
2026-07-09,055550,신한지주,0.0,0.0,0.0,0.0,-142261580900.0,231914604300.0,-38166854850.0,238386635450.0,-0.27246923347890806,0.444178913705473,-0.0730998040334602,0.4565745960487733,20.0,DISTRIBUTION,cache_stale,1
2026-07-02,062040,산일전기,,,,,,,,,,,,,0.0,STALE,template,999.0
2026-07-02,064350,현대로템,,,,,,,,,,,,,0.0,STALE,template,999.0
2026-07-08,064400,LG씨엔에스,0.0,0.0,0.0,0.0,6684078350.0,19631733100.0,-13246447750.0,-14724555100.0,0.09018188396382763,0.264872220780152,-0.1787216653322751,-0.19866435578918465,20.0,DISTRIBUTION,cache_stale,2
2026-07-02,064960,SNT모티브,,,,,,,,,,,,,0.0,STALE,template,999.0
2026-07-08,066570,LG전자,0.0,0.0,0.0,0.0,95475697600.0,26335400500.0,-1912418531950.0,-221302927250.0,0.3016754107094301,0.08321219914328053,-6.04268584128514,-0.6992528271334975,20.0,DISTRIBUTION,cache_stale,2
2026-07-02,066970,엘앤에프,,,,,,,,,,,,,0.0,STALE,template,999.0
2026-07-02,068270,셀트리온,,,,,,,,,,,,,0.0,STALE,template,999.0
2026-07-02,069260,TKG휴켐스,,,,,,,,,,,,,0.0,STALE,template,999.0
2026-07-02,069620,대웅제약,,,,,,,,,,,,,0.0,STALE,template,999.0
2026-07-02,069960,현대백화점,,,,,,,,,,,,,0.0,STALE,template,999.0
2026-07-09,071050,한국금융지주,0.0,0.0,0.0,0.0,-32121567400.0,115582036750.0,-6662529700.0,149129480750.0,-0.2528157193574224,0.909698938469213,-0.052438046309212526,1.1737371493649504,20.0,DISTRIBUTION,cache_stale,1
2026-07-08,071970,HD현대마린엔진,0.0,0.0,0.0,0.0,-29843461300.0,28189256750.0,-41700570900.0,24038993000.0,-1.3289731850189765,1.2553090256445951,-1.856987698879374,1.0704916822720856,20.0,DISTRIBUTION,cache_stale,2
2026-07-02,073240,금호타이어,,,,,,,,,,,,,0.0,STALE,template,999.0
2026-07-02,075580,세진중공업,,,,,,,,,,,,,0.0,STALE,template,999.0
2026-07-02,077970,STX엔진,,,,,,,,,,,,,0.0,STALE,template,999.0
2026-07-06,078150,HB테크놀러지,-7057012.0,-7220.0,-15275118.0,1289350.0,1034526178.0,3875829.0,-4930646365.0,23588641.0,0.5313343539995153,0.0019906321770502243,-2.5323881182128325,0.012115164984700352,20.0,DISTRIBUTION,cache_stale,1.0
2026-07-09,078930,GS,0.0,0.0,0.0,0.0,-37124813550.0,56534341050.0,8222180350.0,24651368200.0,-0.5123597738264091,0.7802307789314964,0.11347436018263705,0.3402136799543208,20.0,DISTRIBUTION,cache_stale,1
2026-07-08,079160,CJ CGV,0.0,0.0,0.0,0.0,324452340.0,-468374644.0,-4162918614.0,492252699.0,0.04433168942582716,-0.06399657728694562,-0.5688022317880119,0.06725916592585887,20.0,DISTRIBUTION,cache_stale,2
2026-07-08,079550,LIG디펜스앤에어로스페이스,0.0,0.0,0.0,0.0,-45389767000.0,50188870500.0,218604483500.0,107753916000.0,-0.2711131704694779,0.29977822542109667,1.3057250238920082,0.6436143590968821,20.0,DISTRIBUTION,cache_stale,2
2026-07-02,079900,전진건설로봇,,,,,,,,,,,,,0.0,STALE,template,999.0
2026-07-03,081660,미스토홀딩스,0.0,0.0,0.0,0.0,-2099708675.0,6151789475.0,-23856965175.0,31037130050.0,-0.08597524734661592,0.25189285924983545,-0.9768538399072084,1.2708548403639068,20.0,DISTRIBUTION,cache_stale,1.0
2026-07-02,082740,한화엔진,,,,,,,,,,,,,0.0,STALE,template,999.0
2026-07-02,085620,미래에셋생명,,,,,,,,,,,,,0.0,STALE,template,999.0
2026-07-07,086280,현대글로비스,0.0,0.0,0.0,0.0,50941528700.0,-14375661900.0,46715153550.0,-66779553400.0,0.3599472086203851,-0.10157683730789614,0.3300841091679915,-0.47185693976329274,80.0,ACCUMULATION,cache_stale,2.0
2026-07-09,086790,하나금융지주,0.0,0.0,0.0,0.0,-82411974250.0,128126985500.0,10672969350.0,111834989750.0,-0.2470152036229952,0.3840378015562836,0.03199032326606636,0.33520544819701165,20.0,DISTRIBUTION,cache_stale,1
2026-07-09,088350,한화생명,0.0,0.0,0.0,0.0,-3666166120.0,2549029238.0,25434988005.0,5275055685.0,-0.093906924959459,0.06529204884265664,0.6515038958273596,0.13511778848915407,80.0,ACCUMULATION,cache_stale,1
2026-07-02,090430,아모레퍼시픽,,,,,,,,,,,,,0.0,STALE,template,999.0
2026-07-02,090460,비에이치,,,,,,,,,,,,,0.0,STALE,template,999.0
2026-07-10,091590,남화토건,0.0,0.0,0.0,0.0,-402963080.0,1514430.0,-925899441.0,882346.0,-0.3388345713560174,0.001273419986512644,-0.7785495887365441,0.0007419273465392824,20.0,DISTRIBUTION,auto_pykrx,0
2026-07-07,092730,네오팜,0.0,0.0,0.0,0.0,663430780.0,-225346065.0,379160420.0,-1393510240.0,0.20841901399143203,-0.07079322529194251,0.11911452296647625,-0.4377759352795838,80.0,ACCUMULATION,cache_stale,1.0
2026-07-02,093370,후성,,,,,,,,,,,,,0.0,STALE,template,999.0
2026-07-02,096770,SK이노베이션,,,,,,,,,,,,,0.0,STALE,template,999.0
2026-07-08,097230,HJ중공업,0.0,0.0,0.0,0.0,-21580793840.0,10208717505.0,-51307400550.0,65254818375.0,-1.1962076492136868,0.5658617592420624,-2.8439317596104017,3.6170269484500506,20.0,DISTRIBUTION,cache_stale,2
2026-07-08,097950,CJ제일제당,0.0,0.0,0.0,0.0,6404354550.0,11011419800.0,-21126282000.0,-20896517650.0,0.22485210472201847,0.3866027245489879,-0.7417279814170958,-0.7336611267037529,20.0,DISTRIBUTION,cache_stale,2
2026-07-02,100090,SK오션플랜트,,,,,,,,,,,,,0.0,STALE,template,999.0
2026-07-02,100840,SNT에너지,,,,,,,,,,,,,0.0,STALE,template,999.0
2026-07-02,103140,풍산,,,,,,,,,,,,,0.0,STALE,template,999.0
2026-07-02,103590,일진전기,,,,,,,,,,,,,0.0,STALE,template,999.0
2026-07-09,105560,KB금융,0.0,0.0,0.0,0.0,-292918462200.0,426229757850.0,-168877574900.0,353344013400.0,-0.47164412564468916,0.6862959745010939,-0.27191907111789426,0.5689386288599337,20.0,DISTRIBUTION,cache_stale,1
2026-07-06,108320,LX세미콘,0.0,0.0,0.0,0.0,267491450.0,140495000.0,8993446725.0,-27386609775.0,0.03920509976891923,0.02059176280974329,1.318131761295865,-4.0139405149635,80.0,ACCUMULATION,cache_stale,2.0
2026-07-02,111770,영원무역,,,,,,,,,,,,,0.0,STALE,template,999.0
2026-07-02,112610,씨에스윈드,,,,,,,,,,,,,0.0,STALE,template,999.0
2026-07-08,114090,GKL,0.0,0.0,0.0,0.0,-3259979795.0,73759310.0,3167098995.0,-8513720635.0,-0.4844026357874235,0.010959946510300892,0.47060141395069593,-1.2650595940125382,20.0,DISTRIBUTION,cache_stale,2
2026-07-06,114810,한솔아이원스,-20010130.0,-789994095.0,794250885.0,8242990.0,-3090497315.0,580685560.0,-4419617865.0,2536964405.0,-0.8792104806242205,0.16519827660783604,-1.257329792328922,0.7217368166024728,20.0,DISTRIBUTION,auto_pykrx,0.0
2026-07-02,120110,코오롱인더,,,,,,,,,,,,,0.0,STALE,template,999.0
2026-07-03,121440,골프존홀딩스,-4211740195.0,7769128845.0,-3172512520.0,-6630.0,-2243311633.0,32136305510.0,-1895494400.0,32141344995.0,-0.7886863527071502,11.298236593312666,-0.6664034291631687,11.300008336919621,20.0,DISTRIBUTION,cache_stale,2.0
2026-07-06,123330,제닉,0.0,0.0,0.0,0.0,-615157025.0,7701448075.0,-3139652290.0,9178461280.0,-0.2997936070200271,3.753261043685056,-1.5300933689374483,4.473075819990603,20.0,DISTRIBUTION,auto_pykrx,0.0
2026-07-07,123890,한국자산신탁,0.0,0.0,0.0,0.0,352729613.0,31461605.0,-176504717.0,1946284391.0,0.13564197173640327,0.012098542279725982,-0.06787478837127252,0.7484425538011884,80.0,ACCUMULATION,auto_pykrx,0.0
2026-07-02,128940,한미약품,,,,,,,,,,,,,0.0,STALE,template,999.0
2026-07-09,138930,BNK금융지주,0.0,0.0,0.0,0.0,-22611800735.0,38519354055.0,-71875328660.0,112938443955.0,-0.41924295006477846,0.7141831744347311,-1.3326326893395877,2.093979465604018,20.0,DISTRIBUTION,cache_stale,1
2026-07-09,139130,iM금융지주,0.0,0.0,0.0,0.0,4596955265.0,4789830685.0,32665534175.0,-18068538615.0,0.15979481320924332,0.16649935783385897,1.135486997582144,-0.6280806722072647,80.0,ACCUMULATION,cache_stale,1
2026-07-02,139480,이마트,,,,,,,,,,,,,0.0,STALE,template,999.0
2026-07-09,161390,한국타이어앤테크놀로지,0.0,0.0,0.0,0.0,800614050.0,19008202900.0,49890715500.0,-150098700.0,0.009435148205943654,0.2240095730147978,0.5879565751351357,-0.0017688966113191178,80.0,ACCUMULATION,cache_stale,1
2026-07-02,161890,한국콜마,,,,,,,,,,,,,0.0,STALE,template,999.0
2026-07-08,175330,JB금융지주,0.0,0.0,0.0,0.0,-15881603750.0,22477151325.0,-39418327950.0,64693494975.0,-0.3450422200744247,0.4883364625015781,-0.8563988625827379,1.4055247493848118,20.0,DISTRIBUTION,cache_stale,2
2026-07-06,178920,PI첨단소재,-91740665.0,-12482470.0,91473295.0,12749840.0,2161113740.0,-805862280.0,14783058435.0,-8201382915.0,0.3688800499366089,-0.1375524631519068,2.5233171363385103,-1.399892325535097,80.0,ACCUMULATION,cache_stale,2.0
2026-07-02,180640,한진칼,,,,,,,,,,,,,0.0,STALE,template,999.0
2026-07-06,181710,NHN,0.0,0.0,0.0,0.0,3064283500.0,-2328403075.0,-11663250300.0,11644383950.0,0.26465895675839457,-0.2011017351176998,-1.0073427138220183,1.005713246930708,20.0,DISTRIBUTION,cache_stale,2.0
2026-07-02,185750,종근당,,,,,,,,,,,,,0.0,STALE,template,999.0
2026-07-08,192080,더블유게임즈,0.0,0.0,0.0,0.0,97948650.0,2363356450.0,13605824250.0,-2479154700.0,0.007509754599544047,0.18119930158046682,1.0431629352933953,-0.19007759077135053,80.0,ACCUMULATION,auto_pykrx,0.0
2026-07-08,192400,쿠쿠홀딩스,0.0,0.0,0.0,0.0,-78210100.0,328050025.0,-1903383125.0,1522120425.0,-0.008458650021731705,0.03547956531311604,-0.2058564266206668,0.16462175557894085,80.0,ACCUMULATION,cache_stale,2
2026-07-02,192820,코스맥스,,,,,,,,,,,,,0.0,STALE,template,999.0
2026-07-02,195870,해성디에스,,,,,,,,,,,,,0.0,STALE,template,999.0
2026-07-08,204320,HL만도,0.0,0.0,0.0,0.0,-13290946875.0,13326104375.0,37437670125.0,23364038325.0,-0.5747093127184237,0.576229546216603,1.6188295589224386,1.0102764336034307,20.0,DISTRIBUTION,cache_stale,2
2026-07-06,204620,글로벌텍스프리,163086604.0,-677314626.0,481615932.0,26069280.0,5043566703.0,-4141726459.0,5980672240.0,63637543.0,1.4919022278999388,-1.2251351663216468,1.7691008694081543,0.018824176970497018,80.0,ACCUMULATION,cache_stale,2.0
2026-07-02,207940,삼성바이오로직스,,,,,,,,,,,,,0.0,STALE,template,999.0
2026-07-06,212560,네오오토,-401247710.0,29329330.0,408505190.0,-34690090.0,-987210190.0,896310.0,-1567528610.0,276688940.0,-0.6524127061684092,0.000592339948056864,-1.03592486463952,0.1828540486522618,20.0,DISTRIBUTION,auto_pykrx,0.0
2026-07-08,214320,이노션,0.0,0.0,0.0,0.0,-789234630.0,97961835.0,-1414880390.0,3599472915.0,-0.10829234769484082,0.013441525109769483,-0.1941383630625686,0.493890356064764,20.0,DISTRIBUTION,auto_pykrx,0.0
2026-07-08,229640,LS에코에너지,0.0,0.0,0.0,0.0,1038202700.0,-222701750.0,-2750410200.0,13673162900.0,0.055302822624164194,-0.011862842755408899,-0.14650842984158294,0.7283399499635307,80.0,ACCUMULATION,auto_pykrx,0.0
2026-07-06,236200,슈프리마,64109600.0,384805000.0,-276873150.0,2200.0,1226682950.0,1962096700.0,-3220403225.0,7018438625.0,0.37582456740600106,0.6011367024268514,-0.9866499317598859,2.150271722702426,20.0,DISTRIBUTION,auto_pykrx,0.0
2026-07-02,241560,두산밥캣,1982399750.0,1430250500.0,-2942610250.0,-20860800.0,19616713650.0,-8139423750.0,51286711350.0,-40584510750.0,0.3217729560126681,-0.1335109686059579,0.8412559315335654,-0.6657077339942414,80.0,ACCUMULATION,auto_pykrx,0.0
2026-07-02,248070,솔루엠,,,,,,,,,,,,,0.0,STALE,template,999.0
2026-07-02,249420,일동제약,,,,,,,,,,,,,0.0,STALE,template,999.0
2026-07-02,251270,넷마블,,,,,,,,,,,,,0.0,STALE,template,999.0
2026-07-02,259960,크래프톤,,,,,,,,,,,,,0.0,STALE,template,999.0
2026-07-08,267250,HD현대,0.0,0.0,0.0,0.0,6511971050.0,340388200.0,139492501050.0,-99288050300.0,0.040410406449737056,0.002112298320597477,0.8656286431311565,-0.6161376390370987,80.0,ACCUMULATION,cache_stale,2
2026-07-08,267260,HD현대일렉트릭,0.0,0.0,0.0,0.0,-192483189000.0,114404498500.0,-561252519000.0,462628512500.0,-0.5189274895532481,0.3084302556947108,-1.5131158321057676,1.2472291935446813,20.0,DISTRIBUTION,cache_stale,2
2026-07-08,267270,HD건설기계,0.0,0.0,0.0,0.0,-23405122150.0,23483269650.0,-140937711050.0,36416596650.0,-0.3839633740412784,0.38524539160908206,-2.312097271597139,0.5974179169508976,20.0,DISTRIBUTION,cache_stale,2
2026-07-08,271560,오리온,0.0,0.0,0.0,0.0,11822752700.0,7761643950.0,71114078100.0,-38163927800.0,0.21673348804545373,0.14228565960365502,1.303655974784097,-0.6996172041735136,80.0,ACCUMULATION,cache_stale,2
2026-07-06,272110,케이엔제이,0.0,0.0,0.0,0.0,-2144507075.0,379040975.0,-2493167600.0,-1092421100.0,-0.9458943125822048,0.1671865328250846,-1.0996807054853037,-0.4818426189779747,20.0,DISTRIBUTION,auto_pykrx,0.0
2026-07-02,272210,한화시스템,,,,,,,,,,,,,0.0,STALE,template,999.0
2026-07-03,272290,이녹스첨단소재,-65552350.0,73256500.0,-17701600.0,4144600.0,2766080850.0,1721496325.0,-772010200.0,-5506451675.0,0.5866280543956071,0.3650934642000568,-0.1637272611173182,-1.1678035487388887,20.0,DISTRIBUTION,cache_stale,2.0
2026-07-02,278470,에이피알,,,,,,,,,,,,,0.0,STALE,template,999.0
2026-07-02,279570,케이뱅크,,,,,,,,,,,,,0.0,STALE,template,999.0
2026-07-02,280360,롯데웰푸드,,,,,,,,,,,,,0.0,STALE,template,999.0
2026-07-02,281820,케이씨텍,,,,,,,,,,,,,0.0,STALE,template,999.0
2026-07-08,282330,BGF리테일,0.0,0.0,0.0,0.0,-14748021900.0,18615472850.0,42093361150.0,-28429579450.0,-0.7491489136185464,0.9456021530638659,2.1381983285552093,-1.4441250971833484,20.0,DISTRIBUTION,cache_stale,2
2026-07-02,285130,SK케미칼,,,,,,,,,,,,,0.0,STALE,template,999.0
2026-07-08,294870,IPARK현대산업개발,0.0,0.0,0.0,0.0,3669682670.0,2491660965.0,3273237720.0,-1226825430.0,0.2924339892827391,0.19855840993876164,0.26084161776591364,-0.09776470798997228,80.0,ACCUMULATION,cache_stale,2
2026-07-06,298000,효성화학,-346350875.0,-502750.0,339438575.0,8276150.0,363713500.0,-1887998975.0,-3072446225.0,2340413925.0,0.15750539941878267,-0.8175941576532828,-1.330516656273017,1.0135115415358675,20.0,DISTRIBUTION,cache_stale,1.0
2026-07-02,298020,효성티앤씨,,,,,,,,,,,,,0.0,STALE,template,999.0
2026-07-02,298040,효성중공업,,,,,,,,,,,,,0.0,STALE,template,999.0
2026-07-08,298050,HS효성첨단소재,0.0,0.0,0.0,0.0,-1622664550.0,-212056150.0,-4491671150.0,-2788184250.0,-0.21169264328476695,-0.02766482260199191,-0.58598293683647,-0.3637462184327965,20.0,DISTRIBUTION,cache_stale,2
2026-07-02,300720,한일시멘트,,,,,,,,,,,,,0.0,STALE,template,999.0
2026-07-02,302440,SK바이오사이언스,,,,,,,,,,,,,0.0,STALE,template,999.0
2026-07-08,306200,세아제강,0.0,0.0,0.0,0.0,79152750.0,1979125800.0,-932714100.0,4956891900.0,0.021974050699855446,0.549436509414922,-0.2589361319962988,1.3761113028202152,20.0,DISTRIBUTION,cache_stale,2
2026-07-02,307950,현대오토에버,,,,,,,,,,,,,0.0,STALE,template,999.0
2026-07-09,316140,우리금융지주,0.0,0.0,0.0,0.0,-18255243850.0,51114252875.0,37601844850.0,30518651950.0,-0.08193724085836293,0.22942234480829166,0.16877295332284722,0.13698059341451624,80.0,ACCUMULATION,cache_stale,1
2026-07-08,322000,HD현대에너지솔루션,0.0,0.0,0.0,0.0,253555400.0,4462792050.0,2012898000.0,17004536200.0,0.01459630883301096,0.2569075279773418,0.11587558717877867,0.9788924311504099,80.0,ACCUMULATION,cache_stale,2
2026-07-02,323410,카카오뱅크,,,,,,,,,,,,,0.0,STALE,template,999.0
2026-07-02,326030,SK바이오팜,,,,,,,,,,,,,0.0,STALE,template,999.0
2026-07-08,329180,HD현대중공업,0.0,0.0,0.0,0.0,-124571205000.0,143628286500.0,-13886280500.0,110495132000.0,-0.1968210129680334,0.22693097365312406,-0.021940156991884677,0.17458098609768255,20.0,DISTRIBUTION,cache_stale,2
2026-07-06,332570,PS일렉트로닉스,89826829.0,-4082370.0,-35573694.0,-46632085.0,3045661200.0,-44629535.0,10265290005.0,-67130140.0,1.321204469991001,-0.019360243068276876,4.453071484234671,-0.02912098070498508,80.0,ACCUMULATION,cache_stale,1.0
2026-07-02,336260,두산퓨얼셀,,,,,,,,,,,,,0.0,STALE,template,999.0
2026-07-02,336370,솔루스첨단소재,,,,,,,,,,,,,0.0,STALE,template,999.0
2026-07-02,352820,하이브,,,,,,,,,,,,,0.0,STALE,template,999.0
2026-07-02,353200,대덕전자,,,,,,,,,,,,,0.0,STALE,template,999.0
2026-07-02,361610,SK아이이테크놀로지,,,,,,,,,,,,,0.0,STALE,template,999.0
2026-07-08,373220,LG에너지솔루션,0.0,0.0,0.0,0.0,55748838000.0,-90738557000.0,380635932500.0,-180346145500.0,0.06749090578920608,-0.10985031476235443,0.4608071626594997,-0.21833145141764124,80.0,ACCUMULATION,cache_stale,2
2026-07-08,375500,DL이앤씨,0.0,0.0,0.0,0.0,28045604650.0,8638281050.0,49751435350.0,-2946677600.0,1.0982000930434423,0.3382548235716289,1.9481495090680743,-0.11538498295450468,80.0,ACCUMULATION,cache_stale,2
2026-07-02,377300,카카오페이,,,,,,,,,,,,,0.0,STALE,template,999.0
2026-07-09,383220,F&F,0.0,0.0,0.0,0.0,-4777349550.0,8284629700.0,-24302128050.0,30955890800.0,-0.1609186292610438,0.2790566696672494,-0.8185846760851659,1.0427077740398034,20.0,DISTRIBUTION,cache_stale,1
2026-07-02,402340,SK스퀘어,,,,,,,,,,,,,0.0,STALE,template,999.0
2026-07-02,439260,대한조선,,,,,,,,,,,,,0.0,STALE,template,999.0
2026-07-08,443060,HD현대마린솔루션,0.0,0.0,0.0,0.0,22953648000.0,14348802900.0,-12232959000.0,138199143400.0,0.22653797890970725,0.14161360358666064,-0.12073156336392862,1.3639380822119782,80.0,ACCUMULATION,cache_stale,2
2026-07-02,450080,에코프로머티,,,,,,,,,,,,,0.0,STALE,template,999.0
2026-07-08,453340,현대그린푸드,0.0,0.0,0.0,0.0,-33786350.0,319578520.0,-684156385.0,776993015.0,-0.005803065499550722,0.05489006903111702,-0.11750912170420424,0.13345452701278465,80.0,ACCUMULATION,cache_stale,2
2026-07-02,454910,두산로보틱스,,,,,,,,,,,,,0.0,STALE,template,999.0
2026-07-08,456040,OCI,0.0,0.0,0.0,0.0,424026950.0,-782478050.0,11883424650.0,-3314650200.0,0.04793938169178374,-0.08846492871359389,1.343509015410227,-0.37474571159344305,80.0,ACCUMULATION,auto_pykrx,0.0
2026-07-02,457190,이수스페셜티케미컬,,,,,,,,,,,,,0.0,STALE,template,999.0
2026-07-03,460860,동국제강,-2744600.0,-254761420.0,260426300.0,321070.0,-3056882935.0,2064540290.0,-1083436785.0,-3512154480.0,-0.6986478955206884,0.47184886025940403,-0.24761852052079011,-0.8026998051188237,20.0,DISTRIBUTION,cache_stale,2.0
2026-07-02,462870,시프트업,,,,,,,,,,,,,0.0,STALE,template,999.0
2026-07-02,475150,SK이터닉스,,,,,,,,,,,,,0.0,STALE,template,999.0
2026-07-02,483650,달바글로벌,,,,,,,,,,,,,0.0,STALE,template,999.0
2026-07-07,484590,삼양컴텍,0.0,0.0,0.0,0.0,-829438770.0,-131122650.0,301629820.0,-3811972370.0,-0.2977352659323261,-0.047067774595949165,0.10827301293237072,-1.368345257490953,20.0,DISTRIBUTION,auto_pykrx,0.0
2026-07-02,484870,엠앤씨솔루션,,,,,,,,,,,,,0.0,STALE,template,999.0
2026-07-02,489790,한화비전,,,,,,,,,,,,,0.0,STALE,template,999.0
2026-07-08,499790,GS피앤엘,0.0,0.0,0.0,0.0,-5139330600.0,10256032175.0,1035386575.0,3171995275.0,-0.6994830754692584,1.3958862517777444,0.1409201785502147,0.43172101252465755,20.0,DISTRIBUTION,cache_stale,2
