ticker,name,market,krx_sector,internal_sector,sector_group,source,asof,is_manual,notes
000080,하이트진로,KOSPI,,unknown,unknown,unknown,,false,
000100,유한양행,KOSPI,,unknown,unknown,unknown,,false,
000120,CJ대한통운,KOSPI,,unknown,unknown,unknown,,false,
000150,두산,KOSPI,,unknown,unknown,unknown,,false,
000210,DL,KOSPI,,unknown,unknown,unknown,,false,
000270,기아,KOSPI,운수장비,자동차,auto,manual,2026-07-02,true,alpha_shortlist
000370,한화손해보험,KOSPI,,financial,financial,name_inference,,false,
000400,롯데손해보험,KOSPI,,financial,financial,name_inference,,false,
000500,가온전선,KOSPI,,unknown,unknown,unknown,,false,
000640,동아쏘시오홀딩스,KOSPI,,holding,holding,name_inference,,false,
000660,SK하이닉스,KOSPI,전기전자,반도체,semiconductor,manual,2026-07-02,true,satellite
000720,현대건설,KOSPI,,unknown,unknown,unknown,,false,
000810,삼성화재,KOSPI,,unknown,unknown,unknown,,false,
000880,한화,KOSPI,,unknown,unknown,unknown,,false,
000990,DB하이텍,KOSPI,,unknown,unknown,unknown,,false,
001040,CJ,KOSPI,,unknown,unknown,unknown,,false,
001060,JW중외제약,KOSPI,,unknown,unknown,unknown,,false,
001120,LX인터내셔널,KOSPI,,unknown,unknown,unknown,,false,
001430,세아베스틸지주,KOSPI,,holding,holding,name_inference,,false,
001440,대한전선,KOSPI,,unknown,unknown,unknown,,false,
001450,현대해상,KOSPI,보험,손해보험,insurance,manual,2026-07-02,true,top10_confirmed
001510,SK증권,KOSPI,,financial,financial,name_inference,,false,
001680,대상,KOSPI,,unknown,unknown,unknown,,false,
001720,신영증권,KOSPI,,financial,financial,name_inference,,false,
001740,SK네트웍스,KOSPI,,unknown,unknown,unknown,,false,
001800,오리온홀딩스,KOSPI,,financial,financial,name_inference,,false,
001820,삼화콘덴서,KOSPI,,unknown,unknown,unknown,,false,
002020,코오롱,KOSPI,,unknown,unknown,unknown,,false,
002380,KCC,KOSPI,화학,건자재/화학,materials,manual,2026-07-02,true,alpha_candidate
002790,아모레퍼시픽홀딩스,KOSPI,,holding,holding,name_inference,,false,
002990,금호건설,KOSPI,,unknown,unknown,unknown,,false,
003160,디아이,KOSPI,,unknown,unknown,unknown,,false,
003230,삼양식품,KOSPI,,consumer,consumer,name_inference,,false,
003470,유안타증권,KOSPI,,financial,financial,name_inference,,false,
003490,대한항공,KOSPI,운수창고,항공/운송,industrial_transport,manual,2026-07-02,true,alpha_candidate
003530,한화투자증권,KOSPI,,financial,financial,name_inference,,false,
003540,대신증권,KOSPI,,financial,financial,name_inference,,false,
003550,LG,KOSPI,,unknown,unknown,unknown,,false,
003570,SNT다이내믹스,KOSPI,,unknown,unknown,unknown,,false,
003620,KG모빌리티,KOSPI,,financial,financial,name_inference,,false,
003670,포스코퓨처엠,KOSPI,,unknown,unknown,unknown,,false,
003690,코리안리,KOSPI,보험,생명/손해보험,insurance,manual,2026-07-02,true,alpha_shortlist
004000,롯데정밀화학,KOSPI,,industrial,industrial,name_inference,,false,
004020,현대제철,KOSPI,,unknown,unknown,unknown,,false,
004170,신세계,KOSPI,,unknown,unknown,unknown,,false,
004370,농심,KOSPI,,unknown,unknown,unknown,,false,
004490,세방전지,KOSPI,,unknown,unknown,unknown,,false,
004710,한솔테크닉스,KOSPI,,unknown,unknown,unknown,,false,
004800,효성,KOSPI,금융업,지주/복합기업,holding_company,manual,2026-07-02,true,alpha_candidate
004990,롯데지주,KOSPI,,holding,holding,name_inference,,false,
005070,코스모신소재,KOSPI,,industrial,industrial,name_inference,,false,
005090,SGC에너지,KOSPI,,energy,energy,name_inference,,false,
005180,빙그레,KOSPI,,unknown,unknown,unknown,,false,
005300,롯데칠성,KOSPI,,unknown,unknown,unknown,,false,
005380,현대차,KOSPI,,auto,auto,name_inference,,false,
005440,현대지에프홀딩스,KOSPI,금융업,지주/소비재지주,holding_company,manual,2026-07-02,true,current_holding
005490,POSCO홀딩스,KOSPI,,holding,holding,name_inference,,false,
005690,파미셀,KOSPI,,unknown,unknown,unknown,,false,
005810,풍산홀딩스,KOSPI,,holding,holding,name_inference,,false,
005830,DB손해보험,KOSPI,보험,손해보험,insurance,manual,2026-07-02,true,current_holding
005850,에스엘,KOSPI,운수장비,자동차부품,auto_parts,manual,2026-07-02,true,alpha_shortlist
005880,대한해운,KOSPI,,transport,transport,name_inference,,false,
005930,삼성전자,KOSPI,전기전자,반도체/IT하드웨어,semiconductor,manual,2026-07-02,true,benchmark_related
005940,NH투자증권,KOSPI,금융업,증권/금융지주,financial,manual,2026-07-02,true,alpha_shortlist
006040,동원산업,KOSPI,유통업,식품/지주,consumer_staples,manual,2026-07-02,true,current_holding
006110,삼아알미늄,KOSPI,,unknown,unknown,unknown,,false,
006120,SK디스커버리,KOSPI,,financial,financial,name_inference,,false,
006260,LS,KOSPI,,unknown,unknown,unknown,,false,
006280,녹십자,KOSPI,,unknown,unknown,unknown,,false,
006340,대원전선,KOSPI,,unknown,unknown,unknown,,false,
006360,GS건설,KOSPI,,energy,energy,name_inference,,false,
006400,삼성SDI,KOSPI,,unknown,unknown,unknown,,false,
006800,미래에셋증권,KOSPI,,financial,financial,name_inference,,false,
007070,GS리테일,KOSPI,,financial,financial,name_inference,,false,
007310,오뚜기,KOSPI,,unknown,unknown,unknown,,false,
007340,DN오토모티브,KOSPI,운수장비,자동차부품,auto,manual,2026-07-02,true,top10_confirmed
007660,이수페타시스,KOSPI,,unknown,unknown,unknown,,false,
007810,코리아써키트,KOSPI,,financial,financial,name_inference,,false,
008060,대덕,KOSPI,,unknown,unknown,unknown,,false,
008770,호텔신라,KOSPI,,unknown,unknown,unknown,,false,
008930,한미사이언스,KOSPI,,unknown,unknown,unknown,,false,
009150,삼성전기,KOSPI,,unknown,unknown,unknown,,false,
009240,한샘,KOSPI,,unknown,unknown,unknown,,false,
009420,한올바이오파마,KOSPI,,unknown,unknown,unknown,,false,
009450,경동나비엔,KOSPI,,unknown,unknown,unknown,,false,
009540,HD한국조선해양,KOSPI,,unknown,unknown,unknown,,false,
009830,한화솔루션,KOSPI,,unknown,unknown,unknown,,false,
009970,영원무역홀딩스,KOSPI,,holding,holding,name_inference,,false,
010060,OCI홀딩스,KOSPI,,holding,holding,name_inference,,false,
010120,LS ELECTRIC,KOSPI,,unknown,unknown,unknown,,false,
010130,고려아연,KOSPI,,unknown,unknown,unknown,,false,auto_template
010140,삼성중공업,KOSPI,,unknown,unknown,unknown,,false,
010780,아이에스동서,KOSPI,,unknown,unknown,unknown,,false,
010950,S-Oil,KOSPI,,energy,energy,name_inference,,false,
011070,LG이노텍,KOSPI,,unknown,unknown,unknown,,false,
011170,롯데케미칼,KOSPI,,unknown,unknown,unknown,,false,
011200,HMM,KOSPI,,unknown,unknown,unknown,,false,
011210,현대위아,KOSPI,,unknown,unknown,unknown,,false,
011780,금호석유화학,KOSPI,,industrial,industrial,name_inference,,false,
011790,SKC,KOSPI,,unknown,unknown,unknown,,false,
012330,현대모비스,KOSPI,,auto,auto,name_inference,,false,
012450,한화에어로스페이스,KOSPI,,unknown,unknown,unknown,,false,
012510,더존비즈온,KOSPI,,unknown,unknown,unknown,,false,
012630,HDC,KOSPI,,unknown,unknown,unknown,,false,
0126Z0,삼성에피스홀딩스,KOSPI,,holding,holding,name_inference,,false,
012750,에스원,KOSPI,,unknown,unknown,unknown,,false,
014680,한솔케미칼,KOSPI,,unknown,unknown,unknown,,false,
015760,한국전력,KOSPI,전기가스,전력/유틸리티,utilities,manual,2026-07-06,true,top10_unknown_fix
016360,삼성증권,KOSPI,금융업,증권/금융지주,financial,manual,2026-07-02,true,alpha_shortlist
017670,SK텔레콤,KOSPI,,unknown,unknown,unknown,,false,
017800,현대엘리베이터,KOSPI,,financial,financial,name_inference,,false,
017960,한국카본,KOSPI,,unknown,unknown,unknown,,false,
018260,삼성에스디에스,KOSPI,,unknown,unknown,unknown,,false,
018670,SK가스,KOSPI,,unknown,unknown,unknown,,false,
018880,한온시스템,KOSPI,,unknown,unknown,unknown,,false,
020150,롯데에너지머티리얼즈,KOSPI,,financial,financial,name_inference,,false,
020560,아시아나항공,KOSPI,,transport,transport,name_inference,,false,
021240,코웨이,KOSPI,서비스업,렌탈/생활소비재,consumer_quality,manual,2026-07-02,true,current_holding
022100,포스코DX,KOSPI,,unknown,unknown,unknown,,false,
023530,롯데쇼핑,KOSPI,,unknown,unknown,unknown,,false,
023590,다우기술,KOSPI,서비스업,IT서비스/소프트웨어,it_services,manual,2026-07-06,true,top10_unknown_fix
024110,기업은행,KOSPI,,financial,financial,name_inference,,false,
025540,한국단자,KOSPI,전기전자,전자부품/커넥터,electronic_components,manual,2026-07-06,true,top10_unknown_fix
026960,동서,KOSPI,,unknown,unknown,unknown,,false,
028050,삼성E&A,KOSPI,,unknown,unknown,unknown,,false,
028260,삼성물산,KOSPI,,unknown,unknown,unknown,,false,
028670,팬오션,KOSPI,운수창고,해운,industrial_transport,manual,2026-07-02,true,alpha_shortlist
029780,삼성카드,KOSPI,,financial,financial,name_inference,,false,
030000,제일기획,KOSPI,,unknown,unknown,unknown,,false,
030190,NICE평가정보,KOSPI,서비스업,신용평가/데이터서비스,financial_data,manual,2026-07-02,true,legacy_holding
030200,KT,KOSPI,통신업,통신/인프라,defensive_telecom,manual,2026-07-02,true,current_holding
031210,서울보증보험,KOSPI,,financial,financial,name_inference,,false,
032350,롯데관광개발,KOSPI,,unknown,unknown,unknown,,false,
032640,LG유플러스,KOSPI,,telecom,telecom,name_inference,,false,
032830,삼성생명,KOSPI,,unknown,unknown,unknown,,false,
033240,자화전자,KOSPI,,semiconductor,semiconductor,name_inference,,false,
033780,KT&G,KOSPI,,telecom,telecom,name_inference,,false,
034020,두산에너빌리티,KOSPI,,financial,financial,name_inference,,false,
034220,LG디스플레이,KOSPI,,unknown,unknown,unknown,,false,
034230,파라다이스,KOSPI,,unknown,unknown,unknown,,false,
034730,SK,KOSPI,,unknown,unknown,unknown,,false,
035250,강원랜드,KOSPI,,unknown,unknown,unknown,,false,
035420,NAVER,KOSPI,,unknown,unknown,unknown,,false,
035720,카카오,KOSPI,,unknown,unknown,unknown,,false,
036460,한국가스공사,KOSPI,,unknown,unknown,unknown,,false,
036530,SNT홀딩스,KOSPI,금융업,지주/산업재지주,holding_company,manual,2026-07-02,true,current_holding
036570,NC,KOSPI,,unknown,unknown,unknown,,false,
039130,하나투어,KOSPI,,unknown,unknown,unknown,,false,
039490,키움증권,KOSPI,금융업,증권/금융지주,financial,manual,2026-07-02,true,alpha_shortlist
042660,한화오션,KOSPI,,unknown,unknown,unknown,,false,
042700,한미반도체,KOSPI,,semiconductor,semiconductor,name_inference,,false,
047040,대우건설,KOSPI,,unknown,unknown,unknown,,false,
047050,포스코인터내셔널,KOSPI,,unknown,unknown,unknown,,false,
047810,한국항공우주,KOSPI,,transport,transport,name_inference,,false,
051600,한전KPS,KOSPI,,unknown,unknown,unknown,,false,
051900,LG생활건강,KOSPI,,unknown,unknown,unknown,,false,
051910,LG화학,KOSPI,,industrial,industrial,name_inference,,false,
052690,한전기술,KOSPI,,unknown,unknown,unknown,,false,
055550,신한지주,KOSPI,금융업,은행/금융지주,financial,manual,2026-07-02,true,alpha_candidate
062040,산일전기,KOSPI,,unknown,unknown,unknown,,false,
064350,현대로템,KOSPI,,unknown,unknown,unknown,,false,
064400,LG씨엔에스,KOSPI,,unknown,unknown,unknown,,false,
064960,SNT모티브,KOSPI,,unknown,unknown,unknown,,false,
066570,LG전자,KOSPI,,semiconductor,semiconductor,name_inference,,false,
066970,엘앤에프,KOSPI,,unknown,unknown,unknown,,false,
068270,셀트리온,KOSPI,,financial,financial,name_inference,,false,
069260,TKG휴켐스,KOSPI,,unknown,unknown,unknown,,false,
069620,대웅제약,KOSPI,,unknown,unknown,unknown,,false,
069960,현대백화점,KOSPI,,unknown,unknown,unknown,,false,
071050,한국금융지주,KOSPI,금융업,증권/금융지주,financial,manual,2026-07-02,true,alpha_candidate
071970,HD현대마린엔진,KOSPI,,unknown,unknown,unknown,,false,
073240,금호타이어,KOSPI,,industrial,industrial,name_inference,,false,
075580,세진중공업,KOSPI,,unknown,unknown,unknown,,false,
077970,STX엔진,KOSPI,,unknown,unknown,unknown,,false,
078930,GS,KOSPI,금융업,지주/에너지,holding_company,manual,2026-07-02,true,alpha_shortlist
079160,CJ CGV,KOSPI,,unknown,unknown,unknown,,false,
079550,LIG디펜스앤에어로스페이스,KOSPI,,unknown,unknown,unknown,,false,
079900,전진건설로봇,KOSPI,,unknown,unknown,unknown,,false,
081660,미스토홀딩스,KOSPI,,holding,holding,name_inference,,false,
082740,한화엔진,KOSPI,,unknown,unknown,unknown,,false,
085620,미래에셋생명,KOSPI,,unknown,unknown,unknown,,false,
086280,현대글로비스,KOSPI,,unknown,unknown,unknown,,false,
086790,하나금융지주,KOSPI,금융업,은행/금융지주,financial,manual,2026-07-02,true,alpha_shortlist
088350,한화생명,KOSPI,보험,생명보험,insurance,manual,2026-07-06,true,top10_unknown_fix
090430,아모레퍼시픽,KOSPI,,unknown,unknown,unknown,,false,
090460,비에이치,KOSPI,,unknown,unknown,unknown,,false,
093370,후성,KOSPI,,unknown,unknown,unknown,,false,
096770,SK이노베이션,KOSPI,,unknown,unknown,unknown,,false,
097230,HJ중공업,KOSPI,,unknown,unknown,unknown,,false,
097950,CJ제일제당,KOSPI,,unknown,unknown,unknown,,false,
100090,SK오션플랜트,KOSPI,,unknown,unknown,unknown,,false,
100840,SNT에너지,KOSPI,,energy,energy,name_inference,,false,
103140,풍산,KOSPI,,unknown,unknown,unknown,,false,
103590,일진전기,KOSPI,,unknown,unknown,unknown,,false,
105560,KB금융,KOSPI,금융업,은행/금융지주,financial,manual,2026-07-02,true,alpha_candidate
108320,LX세미콘,KOSPI,,unknown,unknown,unknown,,false,
111770,영원무역,KOSPI,,unknown,unknown,unknown,,false,
112610,씨에스윈드,KOSPI,,unknown,unknown,unknown,,false,
114090,GKL,KOSPI,,unknown,unknown,unknown,,false,
120110,코오롱인더,KOSPI,,unknown,unknown,unknown,,false,
128940,한미약품,KOSPI,,unknown,unknown,unknown,,false,
138930,BNK금융지주,KOSPI,금융업,은행/금융지주,financial,manual,2026-07-02,true,alpha_shortlist
139130,iM금융지주,KOSPI,금융업,은행/금융지주,financial,manual,2026-07-02,true,alpha_shortlist
139480,이마트,KOSPI,,unknown,unknown,unknown,,false,
161390,한국타이어앤테크놀로지,KOSPI,화학,타이어/화학,materials,manual,2026-07-02,true,alpha_shortlist
161890,한국콜마,KOSPI,,unknown,unknown,unknown,,false,
175330,JB금융지주,KOSPI,,financial,financial,name_inference,,false,
178920,PI첨단소재,KOSPI,,industrial,industrial,name_inference,,false,
180640,한진칼,KOSPI,,unknown,unknown,unknown,,false,
181710,NHN,KOSPI,,unknown,unknown,unknown,,false,
185750,종근당,KOSPI,,unknown,unknown,unknown,,false,
192080,더블유게임즈,KOSPI,서비스업,게임/엔터,gaming,manual,2026-07-02,true,top10_confirmed
192400,쿠쿠홀딩스,KOSPI,금융업,지주/소비재지주,holding_company,manual,2026-07-02,true,current_holding
192820,코스맥스,KOSPI,,unknown,unknown,unknown,,false,
195870,해성디에스,KOSPI,,unknown,unknown,unknown,,false,
204320,HL만도,KOSPI,,unknown,unknown,unknown,,false,
207940,삼성바이오로직스,KOSPI,,unknown,unknown,unknown,,false,
214320,이노션,KOSPI,서비스업,광고/미디어,media_advertising,manual,2026-07-02,true,top10_confirmed
229640,LS에코에너지,KOSPI,,energy,energy,name_inference,,false,
241560,두산밥캣,KOSPI,기계,기계/산업재,industrial,manual,2026-07-02,true,alpha_candidate
248070,솔루엠,KOSPI,,unknown,unknown,unknown,,false,
249420,일동제약,KOSPI,,unknown,unknown,unknown,,false,
251270,넷마블,KOSPI,,unknown,unknown,unknown,,false,
259960,크래프톤,KOSPI,,unknown,unknown,unknown,,false,
267250,HD현대,KOSPI,,unknown,unknown,unknown,,false,
267260,HD현대일렉트릭,KOSPI,,unknown,unknown,unknown,,false,
267270,HD건설기계,KOSPI,,unknown,unknown,unknown,,false,
271560,오리온,KOSPI,음식료품,식품/방어소비재,consumer_staples,manual,2026-07-02,true,current_holding
272210,한화시스템,KOSPI,,unknown,unknown,unknown,,false,
278470,에이피알,KOSPI,,unknown,unknown,unknown,,false,
279570,케이뱅크,KOSPI,,unknown,unknown,unknown,,false,
280360,롯데웰푸드,KOSPI,,unknown,unknown,unknown,,false,
281820,케이씨텍,KOSPI,,unknown,unknown,unknown,,false,
282330,BGF리테일,KOSPI,,financial,financial,name_inference,,false,
285130,SK케미칼,KOSPI,,unknown,unknown,unknown,,false,
294870,IPARK현대산업개발,KOSPI,,unknown,unknown,unknown,,false,
298020,효성티앤씨,KOSPI,,unknown,unknown,unknown,,false,
298040,효성중공업,KOSPI,,unknown,unknown,unknown,,false,
298050,HS효성첨단소재,KOSPI,,industrial,industrial,name_inference,,false,
300720,한일시멘트,KOSPI,,industrial,industrial,name_inference,,false,
302440,SK바이오사이언스,KOSPI,,unknown,unknown,unknown,,false,
307950,현대오토에버,KOSPI,,unknown,unknown,unknown,,false,
316140,우리금융지주,KOSPI,,financial,financial,name_inference,,false,
322000,HD현대에너지솔루션,KOSPI,,energy,energy,name_inference,,false,
323410,카카오뱅크,KOSPI,,unknown,unknown,unknown,,false,
326030,SK바이오팜,KOSPI,,unknown,unknown,unknown,,false,
329180,HD현대중공업,KOSPI,,unknown,unknown,unknown,,false,
336260,두산퓨얼셀,KOSPI,,unknown,unknown,unknown,,false,
336370,솔루스첨단소재,KOSPI,,industrial,industrial,name_inference,,false,
352820,하이브,KOSPI,,unknown,unknown,unknown,,false,
353200,대덕전자,KOSPI,,semiconductor,semiconductor,name_inference,,false,
361610,SK아이이테크놀로지,KOSPI,,unknown,unknown,unknown,,false,
373220,LG에너지솔루션,KOSPI,,energy,energy,name_inference,,false,
375500,DL이앤씨,KOSPI,,unknown,unknown,unknown,,false,
377300,카카오페이,KOSPI,,unknown,unknown,unknown,,false,
383220,F&F,KOSPI,,unknown,unknown,unknown,,false,auto_template
402340,SK스퀘어,KOSPI,,unknown,unknown,unknown,,false,
439260,대한조선,KOSPI,,unknown,unknown,unknown,,false,
443060,HD현대마린솔루션,KOSPI,,unknown,unknown,unknown,,false,
450080,에코프로머티,KOSPI,,unknown,unknown,unknown,,false,
453340,현대그린푸드,KOSPI,서비스업,식품서비스/급식,consumer_staples,manual,2026-07-02,true,current_holding
454910,두산로보틱스,KOSPI,,unknown,unknown,unknown,,false,
456040,OCI,KOSPI,,unknown,unknown,unknown,,false,
457190,이수스페셜티케미컬,KOSPI,,unknown,unknown,unknown,,false,
462870,시프트업,KOSPI,,unknown,unknown,unknown,,false,
475150,SK이터닉스,KOSPI,,unknown,unknown,unknown,,false,
483650,달바글로벌,KOSPI,,unknown,unknown,unknown,,false,
484870,엠앤씨솔루션,KOSPI,,unknown,unknown,unknown,,false,
489790,한화비전,KOSPI,,unknown,unknown,unknown,,false,
499790,GS피앤엘,KOSPI,,energy,energy,name_inference,,false,
