ticker,as_of,close,market_cap,volume,trading_value,avg_trading_value_20d,high_52w,low_52w,return_6m,volatility_1y,beta_kospi200
000100,2026-07-19,70800.0,5639050150800.0,245221,17361646800.0,22519192585.0,135800.0,66400.0,-0.3751,43.48,
000150,2026-07-19,1202000.0,19464989670000.0,43531,52324262000.0,129109159100.0,2203000.0,508000.0,0.6091,82.82,
000250,2026-07-19,184100.0,4318520595200.0,95712,17620579200.0,27915564775.0,1184000.0,154200.0,-0.2531,101.74,
000270,2026-07-19,149700.0,58444825800600.0,967288,144803013600.0,168434452432.05,206000.0,97800.0,0.1239,52.7,
000500,2026-07-19,196700.0,3254030720500.0,100776,19822639200.0,59270410502.5,313406.0,29840.0,2.8899,115.58,
000660,2026-07-19,1842000.0,1312797756330000.0,5524726,10176545292000.0,15625766685941.5,2919000.0,245000.0,1.4758,79.92,
000720,2026-07-19,99000.0,11024220735000.0,380664,37685736000.0,76458664152.5,188700.0,54400.0,0.3061,79.22,
000810,2026-07-19,701000.0,31297878573000.0,145348,101888948000.0,91689646706.6,730000.0,417500.0,0.4915,58.87,
000880,2026-07-19,93200.0,6571338050800.0,145461,13556965200.0,19577867080.0,150900.0,76600.0,0.0197,67.49,
000990,2026-07-19,109600.0,4768102844800.0,343123,37606280800.0,105817795037.5,220500.0,43000.0,0.5243,80.51,
001040,2026-07-19,135700.0,3959318628600.0,103393,14030430100.0,18227149115.0,232000.0,134500.0,-0.2427,56.77,
001440,2026-07-19,27700.0,5428994909200.0,1355021,37534081700.0,93376054381.25,72300.0,14840.0,0.0633,79.25,
002380,2026-07-19,420000.0,3609016320000.0,17251,7245420000.0,17705561412.5,680000.0,317000.0,0.05,61.99,
003230,2026-07-19,1069000.0,8052793035000.0,25263,27006147000.0,59826800350.0,1630000.0,1022000.0,-0.1136,49.74,
003490,2026-07-19,26500.0,9757847516500.0,2445402,64803153000.0,92263694096.25,30000.0,21000.0,0.1991,44.5,
003550,2026-07-19,98800.0,14937769995200.0,244041,24111250800.0,46172294205.0,165800.0,71300.0,0.2304,60.02,
003670,2026-07-19,147600.0,13128462072000.0,304206,44900805600.0,55372795810.0,296000.0,123200.0,-0.1609,70.09,
004020,2026-07-19,26550.0,3542985591750.0,423668,11248385400.0,17373711906.25,46500.0,26000.0,-0.0908,59.44,
004170,2026-07-19,589000.0,5563211609000.0,33462,19709118000.0,59869101383.55,776000.0,161200.0,1.261,60.62,
004800,2026-07-19,143100.0,2395552241700.0,26572,3802453200.0,5208987600.0,276000.0,70600.0,0.1876,76.38,
005380,2026-07-19,425000.0,87022050550000.0,714483,303655275000.0,541239890527.45,750000.0,206500.0,0.1612,64.34,
005385,2026-07-19,194600.0,4542150816000.0,127747,24859566200.0,23760733355.0,321500.0,156600.0,-0.1502,51.2,
005387,2026-07-19,198000.0,6922858140000.0,171384,33934032000.0,36165587489.8,323500.0,160100.0,-0.1646,51.65,
005440,2026-07-19,13950.0,2174864998950.0,100448,1401249600.0,4473027209.0,18750.0,7290.0,0.7591,60.04,
005490,2026-07-19,311500.0,24683735660500.0,287682,89612943000.0,119096995225.0,535000.0,263000.0,0.0247,49.77,
005830,2026-07-19,163000.0,10676556887000.0,219854,35836202000.0,35414514670.1,205500.0,119300.0,0.3188,43.47,
005930,2026-07-19,255000.0,1490801045040000.0,26605948,6784516740000.0,10184981315892.5,362500.0,60400.0,0.8345,64.24,
005935,2026-07-19,172000.0,138007846916000.0,4446893,764865596000.0,944115900529.35,235000.0,50500.0,0.6699,60.92,
005940,2026-07-19,31000.0,11445389255000.0,437936,13576016000.0,24566531298.75,39200.0,18660.0,0.4868,56.89,
006040,2026-07-19,33350.0,1472096313650.0,31840,1061864000.0,2220536178.75,50500.0,30050.0,-0.1776,40.11,
006260,2026-07-19,288000.0,8985600000000.0,149766,43132608000.0,67217169175.0,553000.0,150800.0,0.4187,70.15,
006400,2026-07-19,434500.0,35014412785000.0,484964,210716858000.0,271977326350.0,712000.0,170100.0,0.6243,68.92,
006800,2026-07-19,40050.0,22410653544000.0,1385242,55478942100.0,118276637013.75,83800.0,17713.0,0.4843,81.98,
007660,2026-07-19,92000.0,6753648148000.0,581306,53480152000.0,130178918380.0,161400.0,52100.0,-0.159,84.3,
009150,2026-07-19,1277000.0,95383849792000.0,610491,779597007000.0,1976464201787.55,2270000.0,134500.0,3.8008,80.18,
009540,2026-07-19,354000.0,25053683064000.0,250109,88538586000.0,83228563324.9,479500.0,315000.0,-0.2081,52.18,
009830,2026-07-19,27600.0,4744233993600.0,3695935,102007806000.0,70283259807.5,55179.0,24618.0,0.1211,84.63,
010060,2026-07-19,194300.0,3627626077600.0,94779,18415559700.0,43875450065.0,388000.0,79700.0,0.9105,99.02,
010120,2026-07-19,190000.0,28500000000000.0,664593,126272670000.0,259044899805.0,318500.0,51900.0,0.9958,78.65,
010130,2026-07-19,1029000.0,21478285101000.0,12960,13335840000.0,21669407000.0,2115000.0,759000.0,-0.0989,74.49,
010140,2026-07-19,22300.0,19624000000000.0,3737922,83355660600.0,103350857320.0,34400.0,16210.0,-0.2216,56.78,
010950,2026-07-19,144900.0,16313246560800.0,513882,74461501800.0,57409346130.0,144900.0,57800.0,0.725,60.27,
011070,2026-07-19,668000.0,15809627476000.0,186849,124815132000.0,310266579800.0,1530000.0,148000.0,1.5545,81.0,
011200,2026-07-19,20050.0,18911921298500.0,1405959,28189477950.0,26537005664.5,25950.0,18310.0,0.0025,39.48,
011790,2026-07-19,85200.0,4225774989600.0,179133,15262131600.0,36063308875.0,174100.0,82714.0,-0.1131,77.05,
012330,2026-07-19,482000.0,43733105006000.0,270493,130377626000.0,223587641537.5,768000.0,283500.0,0.2065,65.99,
012450,2026-07-19,943000.0,48624287143000.0,142859,134716037000.0,244773100905.25,1537000.0,805000.0,-0.2232,60.14,
012510,2026-07-19,120000.0,3494865960000.0,0,0.0,631674795.0,120300.0,64200.0,0.3043,44.11,
0126Z0,2026-07-19,396000.0,9853687404000.0,32924,13037904000.0,26940526962.5,743000.0,335500.0,-0.4244,85.86,
015760,2026-07-19,34050.0,21858876821850.0,1847121,62894470050.0,76577494595.0,67900.0,33900.0,-0.3107,54.81,
016360,2026-07-19,107700.0,9617610000000.0,295251,31798532700.0,59247443245.0,149500.0,66900.0,0.4005,61.06,
017670,2026-07-19,89700.0,19266667754100.0,1366866,122607880200.0,90617144732.5,125200.0,52100.0,0.6925,45.73,
018260,2026-07-19,199300.0,15421395540000.0,235615,46958069500.0,75597736575.0,362000.0,145900.0,0.154,68.72,
018880,2026-07-19,3490.0,3581656306480.0,3593633,12541779170.0,27044051192.55,5730.0,2800.0,0.2398,75.29,
021240,2026-07-19,96700.0,6843210094200.0,301055,29112018500.0,20974006413.1,113200.0,70900.0,0.2148,39.32,
022100,2026-07-19,18630.0,2832407001270.0,320502,5970952260.0,8779705586.75,42850.0,18630.0,-0.3113,74.24,
023530,2026-07-19,140800.0,3983056704000.0,165550,23309440000.0,24379284465.0,203500.0,64100.0,1.0555,53.71,
024110,2026-07-19,21600.0,17224398770400.0,1222545,26406972000.0,25470776782.5,28550.0,18650.0,0.0588,31.1,
028050,2026-07-19,40850.0,8006600000000.0,909762,37163777700.0,106889075382.5,64400.0,23250.0,0.6606,62.58,
028260,2026-07-19,346000.0,56109983026000.0,652157,225646322000.0,352302459594.8,535000.0,159000.0,0.2886,67.45,
028300,2026-07-19,35300.0,4701897271900.0,3528292,124548707600.0,45206763416.25,68200.0,25650.0,-0.3024,77.95,
029780,2026-07-19,47050.0,5451160821550.0,81429,3831234450.0,5142470903.75,67400.0,45200.0,-0.1004,31.13,
030190,2026-07-19,13940.0,821226686380.0,63392,883684480.0,1214415333.25,18200.0,13060.0,-0.1526,37.51,
030200,2026-07-19,52400.0,13205936294000.0,230794,12093605600.0,20744752408.3,68900.0,48250.0,0.0077,32.26,
032640,2026-07-19,14620.0,6205133441840.0,938459,13720270580.0,15301421064.4,17810.0,13900.0,0.0188,35.34,
032830,2026-07-19,331000.0,66200000000000.0,361459,119642929000.0,209476728282.65,497000.0,119700.0,1.0752,60.04,
033780,2026-07-19,179900.0,18675501034400.0,272181,48965361900.0,48782438310.05,189000.0,129100.0,0.2651,31.61,
034020,2026-07-19,69700.0,44647111876200.0,2541779,177161996300.0,263010540410.0,136400.0,57400.0,-0.1722,66.63,
034220,2026-07-19,10410.0,5205000000000.0,3502742,36463544220.0,55466616100.0,16690.0,9110.0,-0.1163,65.53,
034730,2026-07-19,580000.0,42051567740000.0,171338,99376040000.0,273616836183.75,858000.0,178900.0,1.0423,66.59,
035420,2026-07-19,190000.0,29819405980000.0,737459,140117210000.0,218185411317.5,287000.0,183200.0,-0.252,51.98,
035720,2026-07-19,35900.0,15903020413000.0,2666493,95727098700.0,65295634945.0,67700.0,33150.0,-0.3832,48.3,
036530,2026-07-19,52000.0,847802072000.0,22703,1180556000.0,746850158.75,88200.0,46450.0,-0.0226,50.24,
036570,2026-07-19,223000.0,4804316906000.0,86310,19247130000.0,26228514800.0,338000.0,187000.0,0.0,55.01,
036930,2026-07-19,187900.0,8733802635900.0,1145182,215179697800.0,497305570247.5,250500.0,26300.0,4.6257,106.77,
039030,2026-07-19,344000.0,4237925200000.0,118534,40775696000.0,82201600612.5,612000.0,185100.0,0.1115,87.76,
039490,2026-07-19,322000.0,8445517752000.0,61839,19912158000.0,39812362737.5,495500.0,195800.0,0.0222,68.84,
042660,2026-07-19,86700.0,26566041259800.0,2769110,240081837000.0,237213607337.5,149900.0,73900.0,-0.3549,70.54,
042700,2026-07-19,242500.0,23113208500000.0,1466330,355585025000.0,305072534592.5,409500.0,81500.0,0.3755,96.52,
047040,2026-07-19,15150.0,6225250715700.0,2794432,42335644800.0,115433432070.5,37150.0,3360.0,3.0186,97.25,
047050,2026-07-19,50900.0,8954469909200.0,477870,24323583000.0,25235073982.5,87300.0,45650.0,0.0452,54.3,
047810,2026-07-19,149200.0,14543285964400.0,335809,50102702800.0,67563832402.5,202000.0,85400.0,-0.004,60.54,
051900,2026-07-19,246500.0,3691466419500.0,37406,9220579000.0,13568436912.5,339000.0,215000.0,-0.0592,36.47,
051910,2026-07-19,260500.0,18389305351500.0,180510,47022855000.0,71403888725.0,429500.0,251500.0,-0.1664,61.32,
052690,2026-07-19,92700.0,3542994000000.0,84418,7825548600.0,16993470535.3,194800.0,83800.0,-0.0483,74.06,
055550,2026-07-19,107900.0,51215205551900.0,1463864,157950925600.0,154792493775.0,109200.0,64000.0,0.3869,37.99,
058470,2026-07-19,72300.0,5510116755000.0,431494,31197016200.0,93997164122.5,127000.0,44400.0,0.1531,66.73,
062040,2026-07-19,170000.0,5204694500000.0,197118,33510060000.0,68379660242.5,333500.0,86600.0,0.2574,80.94,
064350,2026-07-19,159000.0,17353624587000.0,534692,85016028000.0,103001875143.85,269000.0,159000.0,-0.274,65.5,
064400,2026-07-19,65000.0,6297586620000.0,713626,46385690000.0,96644579940.0,143700.0,55400.0,0.0815,72.8,
066570,2026-07-19,179000.0,29156350202000.0,1389002,248631358000.0,372534867622.5,392500.0,72200.0,1.009,84.71,
066970,2026-07-19,92000.0,3742769024000.0,242546,22314232000.0,41426322760.0,213000.0,51800.0,-0.1458,87.6,
067310,2026-07-19,35750.0,2376675229500.0,1557272,55672474000.0,105675996283.75,56800.0,10650.0,0.3241,84.97,
068270,2026-07-19,175800.0,40882941514800.0,498638,87660560400.0,113394551735.0,236861.0,159400.0,-0.1501,40.95,
069960,2026-07-19,157400.0,3394317148800.0,71162,11200898800.0,30471300515.0,207000.0,69000.0,0.7146,57.23,
071050,2026-07-19,229000.0,12761252168000.0,171302,39228158000.0,61407889405.0,292500.0,125300.0,0.3431,64.89,
078930,2026-07-19,82800.0,7691746986000.0,369644,30606523200.0,28508477525.0,82800.0,43650.0,0.4476,48.34,
079550,2026-07-19,749000.0,16478000000000.0,130322,97611178000.0,123860962700.0,1020000.0,364500.0,0.3819,85.43,
080220,2026-07-19,81900.0,2820868022700.0,1495802,122506183800.0,333514968452.5,134000.0,13700.0,1.6678,98.99,
082740,2026-07-19,46900.0,3913670959800.0,600432,28160260800.0,41051429033.5,89500.0,25100.0,-0.0563,74.18,
084370,2026-07-19,146800.0,3364074965600.0,154096,22621292800.0,47735522885.0,206500.0,40500.0,0.7837,92.79,
086280,2026-07-19,188600.0,14145000000000.0,144018,27161794800.0,47250009035.0,290500.0,135200.0,-0.1673,56.5,
086520,2026-07-19,80000.0,10862092160000.0,772824,61825920000.0,135606221197.5,185000.0,44800.0,-0.0909,91.24,
086790,2026-07-19,136800.0,37533507926400.0,1109404,151766467200.0,117935290570.3,136800.0,81200.0,0.4726,40.35,
087010,2026-07-19,119200.0,2779428120000.0,218620,26059504000.0,54111332675.0,386000.0,108200.0,-0.5519,97.43,
088350,2026-07-19,4540.0,3943126200000.0,2132915,9683434100.0,16781368539.8,6600.0,2940.0,0.474,66.96,
088980,2026-07-19,10190.0,4880215108670.0,1130844,11523300360.0,21089116307.5,11830.0,9940.0,-0.0836,11.54,
090430,2026-07-19,124400.0,7276499219600.0,224697,27952306800.0,43292823247.5,165100.0,96200.0,0.0436,46.8,
095340,2026-07-19,145000.0,3073573410000.0,131090,19008050000.0,62733634657.5,271000.0,55500.0,0.3242,84.58,
095610,2026-07-19,194300.0,3761648000000.0,512694,99616444200.0,108959000720.0,217500.0,23900.0,2.7151,96.61,
096770,2026-07-19,121400.0,20523008463200.0,1851929,224824180600.0,64215196320.0,149800.0,89500.0,0.2177,56.02,
103590,2026-07-19,59500.0,2837280705000.0,216364,12873658000.0,26240738747.5,144100.0,33900.0,-0.0133,73.29,
105560,2026-07-19,181100.0,64233948627400.0,1299467,235333473700.0,283399948598.55,186200.0,106000.0,0.4305,40.53,
108490,2026-07-19,199900.0,2930739497200.0,128666,25720333400.0,40650006455.0,405000.0,67486.0,-0.174,105.9,
128940,2026-07-19,386000.0,4945042526000.0,85669,33068234000.0,44340482662.5,626000.0,270000.0,-0.1908,67.72,
138040,2026-07-19,118300.0,19797182395900.0,253679,30010225700.0,34545694765.0,146200.0,100600.0,0.1655,37.15,
138930,2026-07-19,18330.0,5688294514890.0,820582,15041268060.0,19281975199.75,22650.0,13750.0,0.198,35.43,
141080,2026-07-19,103700.0,3838913646600.0,275810,28601497000.0,71856176992.5,213500.0,103700.0,-0.4296,77.9,
161390,2026-07-19,73600.0,9117205078400.0,410147,30186819200.0,27712017193.8,75900.0,38100.0,0.2668,50.67,
175330,2026-07-19,27400.0,5158148201600.0,545705,14952317000.0,15978195941.25,37500.0,21750.0,0.1161,44.21,
178320,2026-07-19,39300.0,2501473964100.0,556446,21868327800.0,70976042798.75,80800.0,18650.0,0.5534,79.22,
180640,2026-07-19,113500.0,7577518666500.0,102983,11688570500.0,16293458482.5,173000.0,93900.0,-0.0173,68.24,
192400,2026-07-19,25550.0,908613826750.0,14819,378625450.0,415007300.0,34750.0,23600.0,-0.0776,30.69,
196170,2026-07-19,276500.0,14816623839500.0,312416,86383024000.0,180311943587.5,559000.0,276500.0,-0.4589,67.21,
207940,2026-07-19,1396000.0,64622167596000.0,29974,41843704000.0,80646373771.05,1965000.0,1243000.0,-0.2567,37.5,
214370,2026-07-19,61700.0,3314215500000.0,83729,5166079300.0,5997301517.5,150100.0,36500.0,-0.1223,93.62,
222800,2026-07-19,107400.0,4023626189400.0,493882,53042926800.0,106336387840.0,157300.0,21650.0,1.4919,99.54,
240810,2026-07-19,140700.0,6906104870700.0,1774585,249684109500.0,322061857690.0,183300.0,27100.0,0.876,107.51,
241560,2026-07-19,64300.0,6163544979500.0,226072,14536429600.0,15679285017.5,76700.0,52300.0,0.134,47.54,
247540,2026-07-19,112400.0,10996140781600.0,290976,32705702400.0,88944165690.0,246000.0,100300.0,-0.2079,75.8,
259960,2026-07-19,240500.0,11096148836500.0,90822,21842691000.0,29306525905.0,363500.0,204000.0,0.0457,42.25,
267250,2026-07-19,204500.0,16154085882500.0,119194,24375173000.0,38560175540.0,310500.0,123200.0,-0.0024,57.33,
267260,2026-07-19,797000.0,28729566595000.0,155320,123790040000.0,168244527776.5,1420000.0,437000.0,-0.0601,62.11,
267270,2026-07-19,130300.0,6244223179100.0,216711,28237443300.0,39077375134.9,198100.0,73200.0,0.1845,68.27,
271560,2026-07-19,128400.0,5075496379200.0,102380,13145592000.0,16248875150.0,146000.0,99300.0,0.2454,31.23,
272210,2026-07-19,65500.0,12374219979500.0,451856,29596568000.0,55454021965.0,162700.0,45350.0,-0.1482,89.5,
277810,2026-07-19,397000.0,7701743626000.0,47182,18731254000.0,42997691987.5,880000.0,253500.0,-0.1079,83.58,
278470,2026-07-19,393000.0,14713194915000.0,184615,72553695000.0,107168033565.0,459000.0,149500.0,0.7199,62.61,
298040,2026-07-19,2789000.0,26006164372000.0,52017,145075413000.0,191929172426.5,4601000.0,903000.0,0.4796,68.85,
298380,2026-07-19,75600.0,4232652202800.0,203800,15407280000.0,38624232897.5,245500.0,61800.0,-0.6303,92.67,
307950,2026-07-19,393000.0,10777624926000.0,75118,29521374000.0,51166265687.5,938000.0,148600.0,-0.1665,97.23,
310210,2026-07-19,145600.0,2682090174400.0,56334,8202230400.0,14978199710.0,363500.0,108500.0,-0.3683,82.18,
316140,2026-07-19,31500.0,22934824983000.0,1990997,62716405500.0,68919432548.75,40800.0,23450.0,0.1538,36.46,
319660,2026-07-19,195400.0,5660095915600.0,528525,103273785000.0,128654842137.5,211500.0,18180.0,3.5495,94.12,
323410,2026-07-19,23000.0,10973770051000.0,807081,18562863000.0,22502478739.0,32000.0,19750.0,0.0648,41.0,
326030,2026-07-19,79400.0,6218072050000.0,108271,8596717400.0,15009770252.5,140700.0,74600.0,-0.3653,48.79,
329180,2026-07-19,484000.0,50801232900000.0,278722,134901448000.0,186968226588.9,745000.0,377500.0,-0.2053,57.45,
336260,2026-07-19,44550.0,2917745493300.0,293466,13073910300.0,27533559468.75,101500.0,21950.0,0.4325,92.93,
347850,2026-07-19,68700.0,3149043738300.0,1048747,72048918900.0,140801308967.5,111200.0,29029.0,-0.3337,107.43,
352820,2026-07-19,208500.0,8986818916500.0,155840,32492640000.0,62867235259.25,404500.0,177800.0,-0.3701,49.05,
353200,2026-07-19,138000.0,6819535650000.0,1323005,182574690000.0,154375217657.5,190900.0,17470.0,2.2857,89.58,
373220,2026-07-19,334000.0,78156000000000.0,314975,105201650000.0,159578402812.5,514000.0,305000.0,-0.0799,60.47,
377300,2026-07-19,40900.0,5532548112500.0,187321,7661428900.0,9253464833.85,86700.0,37450.0,-0.1695,70.17,
402340,2026-07-19,1212000.0,159933563832000.0,755798,916027176000.0,2165714299491.85,1970000.0,135200.0,1.8153,87.0,
403870,2026-07-19,42500.0,3497750000000.0,1858498,78986165000.0,251228823877.5,83500.0,24500.0,0.284,88.69,
440110,2026-07-19,70400.0,3527140460800.0,454170,31973568000.0,77883883852.5,128300.0,11230.0,2.3129,97.52,
443060,2026-07-19,201000.0,9011525460000.0,113085,22730085000.0,35127829092.3,280500.0,159100.0,0.0458,59.09,
450080,2026-07-19,36500.0,2584706255000.0,243043,8871069500.0,19305651110.95,86400.0,35100.0,-0.2913,76.63,
453340,2026-07-19,18430.0,598451348410.0,27538,507525340.0,949066191.5,19300.0,14830.0,0.2205,28.96,
454910,2026-07-19,67000.0,4342938660000.0,365418,24483006000.0,50094272262.5,166700.0,58500.0,-0.1986,80.04,
950160,2026-07-19,62100.0,5276646936000.0,1575810,97857801000.0,38019503587.5,138800.0,36300.0,-0.1562,83.48,
